t [s]	Ux [V]	Uy [V]
3,84388	-1,384095	0,006354
3,85388	-1,381546	0,008906
3,86388	-1,381546	0,008906
3,87388	-1,384095	0,006354
3,88388	-1,387919	0,003802
3,89388	-1,384095	0,006354
3,90388	-1,384095	0,005078
3,91388	-1,384095	0,008906
3,92388	-1,38537	0,010181
3,940058	-1,387919	0,002526
3,950058	-1,384095	0,006354
3,960058	-1,38537	0,003802
3,970058	-1,387919	0,003802
3,980058	-1,386645	0,006354
3,990058	-1,38537	0,006354
4,000058	-1,387919	0,006354
4,010058	-1,38537	0,008906
4,020058	-1,382821	0,005078
4,030058	-1,387919	0,003802
4,057553	-1,387919	0,002526
4,067553	-1,387919	0,006354
4,077553	-1,384095	0,008906
4,087553	-1,384095	0,002526
4,097553	-1,38537	0,008906
4,107553	-1,384095	0,002526
4,117553	-1,381546	0,008906
4,127553	-1,387919	0,003802
4,137553	-1,381546	0,008906
4,147553	-1,386645	0,002526
4,170675	-1,381546	0,008906
4,180675	-1,387919	0,001251
4,190675	-1,38537	0,006354
4,200675	-1,384095	0,008906
4,210675	-1,384095	0,008906
4,220675	-1,384095	0,006354
4,230675	-1,381546	0,005078
4,240675	-1,38537	0,006354
4,250675	-1,38537	0,006354
4,260675	-1,38537	0,003802
4,2804	-1,38537	0,006354
4,2904	-1,38537	0,006354
4,3004	-1,381546	0,006354
4,3104	-1,384095	0,010181
4,3204	-1,381546	0,008906
4,3304	-1,38537	0,00763
4,3404	-1,387919	0,002526
4,3504	-1,387919	0,003802
4,3604	-1,384095	0,006354
4,3704	-1,381546	0,008906
4,387977	-1,381546	0,008906
4,397977	-1,384095	0,008906
4,407977	-1,38537	0,006354
4,417977	-1,381546	0,006354
4,427977	-1,384095	0,006354
4,437977	-1,386645	0,002526
4,447977	-1,387919	0,002526
4,457977	-1,384095	0,005078
4,467977	-1,387919	0,002526
4,477977	-1,384095	0,003802
4,492507	-1,387919	0,002526
4,502507	-1,386645	0,003802
4,512507	-1,38537	0,006354
4,522507	-1,38537	0,006354
4,532507	-1,381546	0,006354
4,542507	-1,384095	0,00763
4,552507	-1,381546	0,008906
4,562507	-1,38537	0,008906
4,572507	-1,387919	0,005078
4,582507	-1,381546	0,00763
4,609745	-1,387919	0,002526
4,619745	-1,387919	0,002526
4,629745	-1,384095	0,003802
4,639745	-1,381546	0,006354
4,649745	-1,381546	0,010181
4,659745	-1,382821	0,006354
4,669745	-1,384095	0,010181
4,679745	-1,38537	0,00763
4,689745	-1,384095	0,002526
4,699745	-1,38537	0,003802
4,728025	-1,384095	0,006354
4,738025	-1,384095	0,006354
4,748025	-1,384095	0,006354
4,758025	-1,381546	0,008906
4,768025	-1,381546	0,006354
4,778025	-1,381546	0,010181
4,788025	-1,381546	0,006354
4,798025	-1,384095	0,006354
4,808025	-1,382821	0,006354
4,818025	-1,389194	0,005078
4,832314	-1,381546	0,010181
4,842314	-1,384095	0,006354
4,852314	-1,387919	0,002526
4,862314	-1,387919	0,003802
4,872314	-1,384095	0,005078
4,882314	-1,384095	0,008906
4,892314	-1,387919	0,002526
4,902314	-1,381546	0,008906
4,912314	-1,38537	0,005078
4,922314	-1,38537	0,006354
4,935919	-1,380272	0,008906
4,945919	-1,38537	0,006354
4,955919	-1,384095	0,006354
4,965919	-1,387919	0,003802
4,975919	-1,386645	0,003802
4,985919	-1,38537	0,005078
4,995919	-1,384095	0,006354
5,005919	-1,381546	0,006354
5,015919	-1,387919	0,006354
5,025919	-1,384095	0,001251
5,048446	-1,386645	0,002526
5,058446	-1,382821	0,006354
5,068446	-1,384095	0,006354
5,078446	-1,38537	0,003802
5,088446	-1,384095	0,006354
5,098446	-1,382821	0,00763
5,108446	-1,387919	0,006354
5,118446	-1,387919	0,006354
5,128446	-1,387919	0,005078
5,138446	-1,387919	0,002526
5,161604	-1,38537	0,006354
5,171604	-1,384095	0,006354
5,181604	-1,38537	0,00763
5,191604	-1,387919	0,002526
5,201604	-1,386645	0,002526
5,211604	-1,384095	0,00763
5,221604	-1,384095	0,006354
5,231604	-1,384095	0,003802
5,241604	-1,384095	0,010181
5,251604	-1,384095	0,002526
5,282099	-1,381546	0,006354
5,292099	-1,387919	0,006354
5,302099	-1,387919	0,002526
5,312099	-1,384095	0,006354
5,322099	-1,381546	0,008906
5,332099	-1,381546	0,006354
5,342099	-1,381546	0,00763
5,352099	-1,382821	0,003802
5,362099	-1,381546	0,006354
5,372099	-1,38537	0,002526
5,39905	-1,384095	0,008906
5,40905	-1,387919	0,005078
5,41905	-1,386645	0,006354
5,42905	-1,384095	0,003802
5,43905	-1,38537	0,006354
5,44905	-1,384095	0,006354
5,45905	-1,381546	0,008906
5,46905	-1,382821	0,008906
5,47905	-1,382821	0,008906
5,48905	-1,387919	0,006354
5,514539	-1,381546	0,008906
5,524539	-1,381546	0,006354
5,534539	-1,381546	0,00763
5,544539	-1,387919	0,002526
5,554539	-1,38537	0,006354
5,564539	-1,382821	0,006354
5,574539	-1,387919	0,002526
5,584539	-1,381546	0,010181
5,594539	-1,387919	0,002526
5,604539	-1,384095	0,006354
5,624321	-1,387919	0,002526
5,634321	-1,381546	0,006354
5,644321	-1,387919	0,002526
5,654321	-1,381546	0,006354
5,664321	-1,387919	0,002526
5,674321	-1,381546	0,008906
5,684321	-1,381546	0,008906
5,694321	-1,38537	0,006354
5,704321	-1,384095	0,003802
5,714321	-1,381546	0,006354
5,744807	-1,389194	0,006354
5,754807	-1,381546	0,008906
5,764807	-1,384095	0,008906
5,774807	-1,387919	0,002526
5,784807	-1,381546	0,010181
5,794807	-1,384095	0,002526
5,804807	-1,384095	0,006354
5,814807	-1,387919	0,006354
5,824807	-1,387919	0,006354
5,834807	-1,384095	0,008906
5,860146	-1,389194	0,002526
5,870146	-1,384095	0,008906
5,880146	-1,38537	0,008906
5,890146	-1,381546	0,006354
5,900146	-1,387919	0,003802
5,910146	-1,380272	0,010181
5,920146	-1,38537	0,006354
5,930146	-1,38537	0,006354
5,940146	-1,387919	0,003802
5,950146	-1,381546	0,006354
5,977834	-1,386645	0,003802
5,987834	-1,387919	0,006354
5,997834	-1,382821	0,010181
6,007834	-1,382821	0,008906
6,017834	-1,389194	0,002526
6,027834	-1,381546	0,010181
6,037834	-1,387919	0,005078
6,047834	-1,382821	0,010181
6,057834	-1,387919	0,006354
6,067834	-1,384095	0,006354
6,08799	-1,384095	0,006354
6,09799	-1,38537	0,008906
6,10799	-1,387919	0,006354
6,11799	-1,384095	0,002526
6,12799	-1,387919	0,006354
6,13799	-1,381546	0,008906
6,14799	-1,381546	0,006354
6,15799	-1,38537	0,002526
6,16799	-1,387919	0,003802
6,17799	-1,384095	0,008906
6,201261	-1,384095	0,008906
6,211261	-1,384095	0,010181
6,221261	-1,381546	0,006354
6,231261	-1,384095	0,006354
6,241261	-1,381546	0,010181
6,251261	-1,38537	0,002526
6,261261	-1,384095	0,008906
6,271261	-1,381546	0,006354
6,281261	-1,384095	0,002526
6,291261	-1,382821	0,008906
6,320809	-1,386645	0,006354
6,330809	-1,386645	0,002526
6,340809	-1,381546	0,010181
6,350809	-1,38537	0,002526
6,360809	-1,384095	0,003802
6,370809	-1,381546	0,006354
6,380809	-1,387919	0,003802
6,390809	-1,381546	0,006354
6,400809	-1,381546	0,008906
6,410809	-1,384095	0,00763
6,426153	-1,384095	0,006354
6,436153	-1,384095	0,006354
6,446153	-1,38537	0,006354
6,456153	-1,38537	0,010181
6,466153	-1,38537	0,006354
6,476153	-1,38537	0,00763
6,486153	-1,384095	0,006354
6,496153	-1,389194	0,003802
6,506153	-1,384095	0,006354
6,516153	-1,387919	0,002526
6,53442	-1,387919	0,002526
6,54442	-1,381546	0,005078
6,55442	-1,384095	0,006354
6,56442	-1,384095	0,006354
6,57442	-1,381546	0,008906
6,58442	-1,389194	0,002526
6,59442	-1,380272	0,006354
6,60442	-1,381546	0,008906
6,61442	-1,387919	0,002526
6,62442	-1,38537	0,003802
6,645163	-1,381546	0,008906
6,655163	-1,387919	0,006354
6,665163	-1,384095	0,010181
6,675163	-1,387919	0,003802
6,685163	-1,381546	0,006354
6,695163	-1,384095	0,002526
6,705163	-1,381546	0,005078
6,715163	-1,382821	0,008906
6,725163	-1,384095	0,006354
6,735163	-1,384095	0,006354
6,758378	-1,386645	0,003802
6,768378	-1,381546	0,006354
6,778378	-1,386645	0,006354
6,788378	-1,384095	0,008906
6,798378	-1,384095	0,006354
6,808378	-1,384095	0,003802
6,818378	-1,384095	0,003802
6,828378	-1,38537	0,010181
6,838378	-1,384095	0,008906
6,848378	-1,384095	0,010181
6,87344	-1,38537	0,006354
6,88344	-1,387919	0,002526
6,89344	-1,381546	0,008906
6,90344	-1,387919	0,002526
6,91344	-1,384095	0,006354
6,92344	-1,38537	0,002526
6,93344	-1,381546	0,006354
6,94344	-1,384095	0,002526
6,95344	-1,38537	0,008906
6,96344	-1,381546	0,006354
6,983253	-1,380272	0,006354
6,993253	-1,387919	0,003802
7,003253	-1,384095	0,006354
7,013253	-1,384095	0,006354
7,023253	-1,387919	0,003802
7,033253	-1,381546	0,010181
7,043253	-1,387919	0,006354
7,053253	-1,387919	0,002526
7,063253	-1,387919	0,003802
7,073253	-1,384095	0,006354
7,097505	-1,381546	0,008906
7,107505	-1,384095	0,006354
7,117505	-1,384095	0,006354
7,127505	-1,381546	0,006354
7,137505	-1,381546	0,006354
7,147505	-1,387919	0,003802
7,157505	-1,384095	0,006354
7,167505	-1,384095	0,002526
7,177505	-1,381546	0,006354
7,187505	-1,384095	0,008906
7,211644	-1,389194	0,002526
7,221644	-1,384095	0,003802
7,231644	-1,382821	0,002526
7,241644	-1,387919	0,006354
7,251644	-1,384095	0,003802
7,261644	-1,38537	0,008906
7,271644	-1,38537	0,006354
7,281644	-1,386645	0,003802
7,291644	-1,386645	0,003802
7,301644	-1,381546	0,008906
7,331582	-1,38537	0,008906
7,341582	-1,384095	0,006354
7,351582	-1,384095	0,006354
7,361582	-1,384095	0,00763
7,371582	-1,38537	0,006354
7,381582	-1,384095	0,005078
7,391582	-1,381546	0,010181
7,401582	-1,387919	0,002526
7,411582	-1,386645	0,003802
7,421582	-1,384095	0,008906
7,443373	-1,381546	0,008906
7,453373	-1,381546	0,010181
7,463373	-1,38537	0,008906
7,473373	-1,382821	0,006354
7,483373	-1,381546	0,008906
7,493373	-1,387919	0,006354
7,503373	-1,386645	0,002526
7,513373	-1,384095	0,008906
7,523373	-1,387919	0,006354
7,533373	-1,384095	0,006354
7,553459	-1,386645	0,00763
7,563459	-1,387919	0,002526
7,573459	-1,381546	0,008906
7,583459	-1,381546	0,008906
7,593459	-1,387919	0,003802
7,603459	-1,381546	0,008906
7,613459	-1,387919	0,002526
7,623459	-1,381546	0,008906
7,633459	-1,387919	0,002526
7,643459	-1,387919	0,002526
7,666979	-1,384095	0,006354
7,676979	-1,381546	0,010181
7,686979	-1,387919	0,005078
7,696979	-1,381546	0,006354
7,706979	-1,384095	0,008906
7,716979	-1,387919	0,006354
7,726979	-1,381546	0,008906
7,736979	-1,387919	0,002526
7,746979	-1,384095	0,00763
7,756979	-1,384095	0,006354
7,779247	-1,381546	0,008906
7,789247	-1,387919	0,003802
7,799247	-1,384095	0,003802
7,809247	-1,381546	0,006354
7,819247	-1,386645	0,006354
7,829247	-1,384095	0,003802
7,839247	-1,38537	0,006354
7,849247	-1,387919	0,002526
7,859247	-1,382821	0,006354
7,869247	-1,38537	0,002526
7,888279	-1,381546	0,010181
7,898279	-1,386645	0,006354
7,908279	-1,381546	0,006354
7,918279	-1,384095	0,008906
7,928279	-1,387919	0,003802
7,938279	-1,380272	0,008906
7,948279	-1,387919	0,002526
7,958279	-1,384095	0,003802
7,968279	-1,381546	0,006354
7,978279	-1,384095	0,008906
7,995272	-1,38537	0,006354
8,005272	-1,386645	0,006354
8,015272	-1,381546	0,00763
8,025272	-1,386645	0,002526
8,035272	-1,384095	0,006354
8,045272	-1,384095	0,002526
8,055272	-1,384095	0,008906
8,065272	-1,38537	0,002526
8,075272	-1,386645	0,003802
8,085272	-1,387919	0,006354
8,114054	-1,384095	0,00763
8,124054	-1,384095	0,010181
8,134054	-1,384095	0,006354
8,144054	-1,387919	0,006354
8,154054	-1,384095	0,008906
8,164054	-1,381546	0,008906
8,174054	-1,384095	0,005078
8,184054	-1,381546	0,008906
8,194054	-1,387919	0,006354
8,204054	-1,387919	0,002526
8,222392	-1,381546	0,008906
8,232392	-1,387919	0,002526
8,242392	-1,38537	0,008906
8,252392	-1,384095	0,006354
8,262392	-1,384095	0,005078
8,272392	-1,387919	0,002526
8,282392	-1,384095	0,006354
8,292392	-1,381546	0,010181
8,302392	-1,384095	0,00763
8,312392	-1,380272	0,008906
8,332871	-1,38537	0,005078
8,342871	-1,384095	0,006354
8,352871	-1,381546	0,008906
8,362871	-1,387919	0,002526
8,372871	-1,38537	0,005078
8,382871	-1,387919	0,003802
8,392871	-1,381546	0,008906
8,402871	-1,38537	0,006354
8,412871	-1,382821	0,00763
8,422871	-1,387919	0,003802
8,445685	-1,387919	0,002526
8,455685	-1,384095	0,006354
8,465685	-1,381546	0,010181
8,475685	-1,381546	0,006354
8,485685	-1,381546	0,008906
8,495685	-1,381546	0,006354
8,505685	-1,384095	0,003802
8,515685	-1,384095	0,003802
8,525685	-1,384095	0,003802
8,535685	-1,384095	0,008906
8,566262	-1,38537	0,010181
8,576262	-1,387919	0,003802
8,586262	-1,384095	0,008906
8,596262	-1,384095	0,003802
8,606262	-1,384095	0,008906
8,616262	-1,389194	0,003802
8,626262	-1,38537	0,006354
8,636262	-1,38537	0,006354
8,646262	-1,384095	0,006354
8,656262	-1,381546	0,005078
8,679488	-1,384095	0,006354
8,689488	-1,38537	0,003802
8,699488	-1,382821	0,006354
8,709488	-1,381546	0,008906
8,719488	-1,384095	0,006354
8,729488	-1,38537	0,006354
8,739488	-1,381546	0,006354
8,749488	-1,386645	0,005078
8,759488	-1,381546	0,005078
8,769488	-1,384095	0,010181
8,789874	-1,38537	0,006354
8,799874	-1,38537	0,002526
8,809874	-1,384095	0,006354
8,819874	-1,387919	0,002526
8,829874	-1,381546	0,008906
8,839874	-1,382821	0,006354
8,849874	-1,387919	0,002526
8,859874	-1,381546	0,010181
8,869874	-1,384095	0,006354
8,879874	-1,384095	0,003802
8,902521	-1,387919	0,003802
8,912521	-1,384095	0,010181
8,922521	-1,384095	0,008906
8,932521	-1,389194	0,00763
8,942521	-1,382821	0,008906
8,952521	-1,387919	0,006354
8,962521	-1,384095	0,010181
8,972521	-1,381546	0,008906
8,982521	-1,38537	0,00763
8,992521	-1,381546	0,008906
9,009429	-1,382821	0,008906
9,019429	-1,38537	0,003802
9,029429	-1,384095	0,008906
9,039429	-1,389194	0,002526
9,049429	-1,382821	0,00763
9,059429	-1,381546	0,008906
9,069429	-1,387919	0,002526
9,079429	-1,387919	0,003802
9,089429	-1,381546	0,006354
9,099429	-1,386645	0,002526
9,117838	-1,384095	0,006354
9,127838	-1,386645	0,002526
9,137838	-1,381546	0,006354
9,147838	-1,384095	0,010181
9,157838	-1,386645	0,002526
9,167838	-1,384095	0,005078
9,177838	-1,386645	0,006354
9,187838	-1,381546	0,006354
9,197838	-1,386645	0,002526
9,207838	-1,380272	0,008906
9,223468	-1,389194	0,005078
9,233468	-1,387919	0,005078
9,243468	-1,386645	0,006354
9,253468	-1,382821	0,003802
9,263468	-1,381546	0,010181
9,273468	-1,387919	0,00763
9,283468	-1,381546	0,006354
9,293468	-1,384095	0,006354
9,303468	-1,381546	0,005078
9,313468	-1,387919	0,006354
9,344662	-1,381546	0,008906
9,354662	-1,387919	0,003802
9,364662	-1,38537	0,010181
9,374662	-1,384095	0,010181
9,384662	-1,384095	0,006354
9,394662	-1,382821	0,002526
9,404662	-1,382821	0,006354
9,414662	-1,381546	0,010181
9,424662	-1,387919	0,002526
9,434662	-1,384095	0,006354
9,461772	-1,384095	0,005078
9,471772	-1,384095	0,006354
9,481772	-1,381546	0,006354
9,491772	-1,384095	0,010181
9,501772	-1,387919	0,002526
9,511772	-1,386645	0,002526
9,521772	-1,38537	0,008906
9,531772	-1,387919	0,005078
9,541772	-1,38537	0,002526
9,551772	-1,384095	0,008906
9,573602	-1,381546	0,008906
9,583602	-1,381546	0,008906
9,593602	-1,387919	0,002526
9,603602	-1,384095	0,006354
9,613602	-1,387919	0,006354
9,623602	-1,384095	0,008906
9,633602	-1,384095	0,006354
9,643602	-1,387919	0,003802
9,653602	-1,38537	0,006354
9,663602	-1,381546	0,010181
9,67814	-1,384095	0,006354
9,68814	-1,386645	0,00763
9,69814	-1,380272	0,00763
9,70814	-1,384095	0,00763
9,71814	-1,381546	0,008906
9,72814	-1,387919	0,002526
9,73814	-1,387919	0,003802
9,74814	-1,387919	0,002526
9,75814	-1,382821	0,010181
9,76814	-1,386645	0,006354
9,784006	-1,381546	0,008906
9,794006	-1,38537	0,00763
9,804006	-1,384095	0,00763
9,814006	-1,38537	0,006354
9,824006	-1,384095	0,006354
9,834006	-1,381546	0,006354
9,844006	-1,382821	0,006354
9,854006	-1,387919	0,006354
9,864006	-1,382821	0,010181
9,874006	-1,387919	0,002526
9,892307	-1,387919	0,002526
9,902307	-1,38537	0,010181
9,912307	-1,384095	0,008906
9,922307	-1,38537	0,002526
9,932307	-1,380272	0,00763
9,942307	-1,384095	0,008906
9,952307	-1,381546	0,008906
9,962307	-1,381546	0,006354
9,972307	-1,382821	0,003802
9,982307	-1,386645	0,002526
10,004317	-1,387919	0,003802
10,014317	-1,386645	0,002526
10,024317	-1,386645	0,006354
10,034317	-1,384095	0,002526
10,044317	-1,381546	0,005078
10,054317	-1,38537	0,008906
10,064317	-1,38537	0,010181
10,074317	-1,381546	0,008906
10,084317	-1,389194	0,006354
10,094317	-1,384095	0,006354
10,11803	-1,382821	0,006354
10,12803	-1,381546	0,00763
10,13803	-1,387919	0,002526
10,14803	-1,382821	0,010181
10,15803	-1,382821	0,005078
10,16803	-1,384095	0,006354
10,17803	-1,38537	0,006354
10,18803	-1,38537	0,005078
10,19803	-1,381546	0,010181
10,20803	-1,38537	0,006354
10,227797	-1,386645	0,003802
10,237797	-1,384095	0,006354
10,247797	-1,381546	0,006354
10,257797	-1,384095	0,002526
10,267797	-1,381546	0,008906
10,277797	-1,38537	0,006354
10,287797	-1,381546	0,008906
10,297797	-1,384095	0,002526
10,307797	-1,384095	0,008906
10,317797	-1,381546	0,003802
10,34303	-1,387919	0,003802
10,35303	-1,384095	0,006354
10,36303	-1,384095	0,008906
10,37303	-1,384095	0,002526
10,38303	-1,384095	0,008906
10,39303	-1,381546	0,005078
10,40303	-1,386645	0,00763
10,41303	-1,384095	0,002526
10,42303	-1,384095	0,006354
10,43303	-1,381546	0,00763
10,455959	-1,382821	0,006354
10,465959	-1,381546	0,008906
10,475959	-1,38537	0,006354
10,485959	-1,384095	0,006354
10,495959	-1,377723	0,008906
10,505959	-1,381546	0,005078
10,515959	-1,382821	0,003802
10,525959	-1,375174	0,006354
10,535959	-1,376448	0,006354
10,545959	-1,375174	0,006354
10,564826	-1,377723	0,003802
10,574826	-1,37135	0,010181
10,584826	-1,376448	0,006354
10,594826	-1,368801	0,010181
10,604826	-1,375174	0,00763
10,614826	-1,366252	0,010181
10,624826	-1,368801	0,001251
10,634826	-1,362428	0,006354
10,644826	-1,363703	0,006354
10,654826	-1,352232	0,008906
10,67675	-1,348408	0,005078
10,68675	-1,339486	0,006354
10,69675	-1,331839	0,00763
10,70675	-1,31527	0,008906
10,71675	-1,305074	0,010181
10,72675	-1,296152	0,00763
10,73675	-1,279583	0,006354
10,74675	-1,264288	0,003802
10,75675	-1,240072	0,006354
10,76675	-1,224777	0,003802
10,792382	-1,178894	0,00763
10,802382	-1,159775	0,006354
10,812382	-1,154677	0,006354
10,822382	-1,158501	0,00763
10,832382	-1,154677	0,003802
10,842382	-1,155952	0,006354
10,852382	-1,157226	0,00763
10,862382	-1,155952	0,002526
10,872382	-1,153403	0,005078
10,882382	-1,157226	0,002526
10,906537	-1,155952	0,008906
10,916537	-1,155952	0,006354
10,926537	-1,16105	0,006354
10,936537	-1,157226	0,010181
10,946537	-1,158501	0,006354
10,956537	-1,155952	0,005078
10,966537	-1,154677	0,005078
10,976537	-1,155952	0,00763
10,986537	-1,152128	0,006354
10,996537	-1,157226	0,003802
11,015741	-1,154677	0,006354
11,025741	-1,154677	0,002526
11,035741	-1,154677	0,008906
11,045741	-1,153403	0,002526
11,055741	-1,152128	0,006354
11,065741	-1,141932	0,005078
11,075741	-1,130461	0,006354
11,085741	-1,124088	0,003802
11,095741	-1,116441	0,00763
11,105741	-1,102421	0,006354
11,129047	-1,065459	0,002526
11,139047	-1,046341	0,006354
11,149047	-1,025948	0,006354
11,159047	-1,008104	0,003802
11,169047	-0,981339	0,006354
11,179047	-0,958397	0,006354
11,189047	-0,938004	0,003802
11,199047	-0,920161	0,006354
11,209047	-0,892121	0,008906
11,219047	-0,878101	0,006354
11,233671	-0,847512	0,002526
11,243671	-0,819472	0,006354
11,253671	-0,792706	0,002526
11,263671	-0,760843	0,008906
11,273671	-0,728979	0,008906
11,283671	-0,69839	0,005078
11,293671	-0,658879	0,002526
11,303671	-0,616819	0,003802
11,313671	-0,563288	0,002526
11,323671	-0,514855	0,002526
11,343671	-0,395048	0,006354
11,353671	-0,33387	0,008906
11,363671	-0,271417	0,00763
11,373671	-0,205141	0,005078
11,383671	-0,140139	0,008906
11,393671	-0,06749	0,005078
11,403671	6,124947E-5	0,006354
11,413671	0,070161	0,002526
11,423671	0,146634	0,006354
11,433671	0,214185	0,008906
11,45623	0,379876	0,002526
11,46623	0,4538	0,005078
11,47623	0,526449	0,006354
11,48623	0,600372	0,008906
11,49623	0,6641	0,008906
11,50623	0,735474	0,006354
11,51623	0,799201	0,002526
11,52623	0,861654	0,002526
11,53623	0,924107	0,003802
11,54623	0,999305	0,005078
11,575556	1,203232	0,00763
11,585556	1,273333	0,002526
11,595556	1,353629	0,005078
11,605556	1,432651	0,008906
11,615556	1,511673	0,008906
11,625556	1,590694	0,00763
11,635556	1,677364	0,00763
11,645556	1,765307	0,005078
11,655556	1,854525	0,002526
11,665556	1,956489	0,010181
11,696116	2,244536	0,002526
11,706116	2,342676	0,006354
11,716116	2,435718	0,008906
11,726116	2,524936	0,008906
11,736116	2,601409	0,002526
11,746116	2,689353	0,003802
11,756116	2,770924	0,002526
11,766116	2,848671	0,006354
11,776116	2,930242	0,002526
11,786116	3,006715	0,002526
11,808195	3,196622	0,006354
11,818195	3,274369	0,006354
11,828195	3,364862	0,008906
11,838195	3,451531	0,006354
11,848195	3,547122	0,008906
11,858195	3,63889	0,005078
11,868195	3,73703	0,006354
11,878195	3,831346	0,002526
11,888195	3,929486	0,008906
11,898195	4,021253	0,008906
11,918062	4,179297	0,005078
11,928062	4,26979	0,006354
11,938062	4,355184	0,008906
11,948062	4,440579	0,008906
11,958062	4,52215	0,008906
11,968062	4,598622	0,002526
11,978062	4,672546	0,002526
11,988062	4,751568	0,006354
11,998062	4,825492	0,010181
12,008062	4,887944	0,006354
12,03039	5,039615	0,008906
12,04039	5,104617	0,008906
12,05039	5,173443	0,005078
12,06039	5,244817	0,006354
12,07039	5,32129	0,006354
12,08039	5,397763	0,006354
12,09039	5,472961	0,008906
12,10039	5,544335	0,00763
12,11039	5,613161	0,006354
12,12039	5,692183	0,006354
12,146739	5,857874	0,006354
12,156739	5,92415	0,008906
12,166739	5,996799	0,006354
12,176739	6,063076	0,008906
12,186739	6,122979	0,006354
12,196739	6,187981	0,006354
12,206739	6,24661	0,002526
12,216739	6,312887	0,010181
12,226739	6,371516	0,003802
12,236739	6,439067	0,003802
12,256441	6,567796	0,005078
12,266441	6,63917	0,006354
12,276441	6,705447	0,008906
12,286441	6,762801	0,005078
12,296441	6,820156	0,006354
12,306441	6,866039	0,006354
12,316441	6,910649	0,006354
12,326441	6,953983	0,006354
12,336441	6,999867	0,010181
12,346441	7,040652	0,006354
12,368891	7,145165	0,005078
12,378891	7,191049	0,010181
12,388891	7,24203	0,008906
12,398891	7,285365	0,006354
12,408891	7,331249	0,010181
12,418891	7,372034	0,008906
12,428891	7,415369	0,010181
12,438891	7,45488	0,008906
12,448891	7,499489	0,008906
12,458891	7,545372	0,008906
12,480605	7,647336	0,006354
12,490605	7,704691	0,005078
12,500605	7,758222	0,006354
12,510605	7,810478	0,008906
12,520605	7,852538	0,006354
12,530605	7,904794	0,006354
12,540605	7,953227	0,008906
12,550605	7,994013	0,006354
12,560605	8,033523	0,006354
12,570605	8,075583	0,010181
12,590414	8,143134	0,005078
12,600414	8,177547	0,002526
12,610414	8,208136	0,006354
12,620414	8,242549	0,006354
12,630414	8,278236	0,005078
12,640414	8,315198	0,005078
12,650414	8,353434	0,008906
12,660414	8,386573	0,008906
12,670414	8,414613	0,005078
12,680414	8,445202	0,006354
12,696566	8,501282	0,00763
12,706566	8,530596	0,006354
12,716566	8,567558	0,003802
12,726566	8,595598	0,005078
12,736566	8,587951	0,005078
12,746566	8,5905	0,008906
12,756566	8,5905	0,008906
12,766566	8,594324	0,006354
12,776566	8,594324	0,006354
12,786566	8,591774	0,002526
12,800355	8,594324	0,008906
12,810355	8,5905	0,005078
12,820355	8,5905	0,006354
12,830355	8,587951	0,005078
12,840355	8,589225	0,002526
12,850355	8,591774	0,002526
12,860355	8,587951	0,006354
12,870355	8,5905	0,008906
12,880355	8,594324	0,006354
12,890355	8,587951	0,00763
12,906119	8,594324	0,008906
12,916119	8,593049	0,006354
12,926119	8,5905	0,002526
12,936119	8,587951	0,005078
12,946119	8,595598	0,005078
12,956119	8,591774	0,002526
12,966119	8,585402	0,006354
12,976119	8,558636	0,006354
12,986119	8,516576	0,006354
12,996119	8,468144	0,006354
13,020496	8,329218	0,008906
13,030496	8,266765	0,006354
13,040496	8,200489	0,002526
13,050496	8,132938	0,006354
13,060496	8,074309	0,008906
13,070496	8,004209	0,005078
13,080496	7,941756	0,005078
13,090496	7,867832	0,006354
13,100496	7,807929	0,003802
13,110496	7,739103	0,008906
13,133179	7,584883	0,006354
13,143179	7,519881	0,003802
13,153179	7,466351	0,008906
13,163179	7,400074	0,002526
13,173179	7,337621	0,00763
13,183179	7,276443	0,006354
13,193179	7,217814	0,008906
13,203179	7,148989	0,005078
13,213179	7,09036	0,00763
13,223179	7,033005	0,008906
13,252666	6,837999	0,003802
13,262666	6,770449	0,006354
13,272666	6,691427	0,002526
13,282666	6,607307	0,010181
13,292666	6,530834	0,008906
13,302666	6,447988	0,006354
13,312666	6,365143	0,002526
13,322666	6,275925	0,006354
13,332666	6,199452	0,00763
13,342666	6,119156	0,006354
13,359887	5,984054	0,008906
13,369887	5,899934	0,002526
13,379887	5,82601	0,008906
13,389887	5,748263	0,002526
13,399887	5,673065	0,006354
13,409887	5,602965	0,006354
13,419887	5,536688	0,006354
13,429887	5,474235	0,006354
13,439887	5,404135	0,003802
13,449887	5,342957	0,006354
13,468939	5,220601	0,006354
13,478939	5,165795	0,008906
13,488939	5,102068	0,008906
13,498939	5,039615	0,002526
13,508939	4,977163	0,006354
13,518939	4,919808	0,00763
13,528939	4,853532	0,002526
13,538939	4,78853	0,002526
13,548939	4,728626	0,006354
13,558939	4,658526	0,002526
13,581126	4,510679	0,010181
13,591126	4,444402	0,010181
13,601126	4,373028	0,002526
13,611126	4,309301	0,006354
13,621126	4,24175	0,006354
13,631126	4,17165	0,003802
13,641126	4,109197	0,006354
13,651126	4,040371	0,008906
13,661126	3,962624	0,002526
13,671126	3,889975	0,006354
13,694379	3,749775	0,006354
13,704379	3,683499	0,006354
13,714379	3,628693	0,006354
13,724379	3,570064	0,006354
13,734379	3,522906	0,006354
13,744379	3,466826	0,003802
13,754379	3,413295	0,006354
13,764379	3,36996	0,006354
13,774379	3,316429	0,006354
13,784379	3,273095	0,006354
13,812883	3,135444	0,008906
13,822883	3,080638	0,002526
13,832883	3,036029	0,006354
13,842883	2,983773	0,006354
13,852883	2,931517	0,003802
13,862883	2,884358	0,008906
13,872883	2,830827	0,010181
13,882883	2,783669	0,002526
13,892883	2,733962	0,006354
13,902883	2,68298	0,008906
13,925253	2,560624	0,006354
13,935253	2,505818	0,006354
13,945253	2,448464	0,006354
13,955253	2,394933	0,008906
13,965253	2,333755	0,003802
13,975253	2,286596	0,006354
13,985253	2,231791	0,002526
13,995253	2,182084	0,006354
14,005253	2,129827	0,002526
14,015253	2,081395	0,005078
14,034484	1,994725	0,005078
14,044484	1,946293	0,006354
14,054484	1,890213	0,002526
14,064484	1,845604	0,006354
14,074484	1,795896	0,00763
14,084484	1,747464	0,00763
14,094484	1,70158	0,006354
14,104484	1,651873	0,006354
14,114484	1,597067	0,002526
14,124484	1,558831	0,008906
14,148144	1,454318	0,010181
14,158144	1,404611	0,005078
14,168144	1,361276	0,00763
14,178144	1,319216	0,006354
14,188144	1,268234	0,00763
14,198144	1,2249	0,010181
14,208144	1,180291	0,006354
14,218144	1,134407	0,003802
14,228144	1,089798	0,006354
14,238144	1,045189	0,006354
14,261251	0,9445	0,006354
14,271251	0,896067	0,005078
14,281251	0,850183	0,003802
14,291251	0,809398	0,005078
14,301251	0,768612	0,008906
14,311251	0,715081	0,006354
14,321251	0,661551	0,006354
14,331251	0,623314	0,008906
14,341251	0,572332	0,005078
14,351251	0,514978	0,002526
14,37495	0,401543	0,006354
14,38495	0,35311	0,003802
14,39495	0,302129	0,006354
14,40495	0,265167	0,006354
14,41495	0,218009	0,003802
14,42495	0,173399	0,010181
14,43495	0,132614	0,002526
14,44495	0,094378	0,008906
14,45495	0,045945	0,006354
14,46495	0,011532	0,002526
14,493832	-0,091706	0,003802
14,503832	-0,113373	0,006354
14,513832	-0,150335	0,002526
14,523832	-0,17965	0,006354
14,533832	-0,201317	0,008906
14,543832	-0,224259	0,006354
14,553832	-0,247201	0,00763
14,563832	-0,266319	0,010181
14,573832	-0,290535	0,005078
14,583832	-0,316026	0,003802
14,612017	-0,368282	0,006354
14,622017	-0,38995	0,006354
14,632017	-0,405244	0,008906
14,642017	-0,426912	0,002526
14,652017	-0,447304	0,006354
14,662017	-0,46005	0,006354
14,672017	-0,485541	0,006354
14,682017	-0,500835	0,005078
14,692017	-0,525052	0,003802
14,702017	-0,545444	0,010181
14,724595	-0,584955	0,005078
14,734595	-0,597701	0,006354
14,744595	-0,611721	0,008906
14,754595	-0,625741	0,005078
14,764595	-0,638486	0,010181
14,774595	-0,65633	0,003802
14,784595	-0,657604	0,008906
14,794595	-0,67035	0,006354
14,804595	-0,674173	0,005078
14,814595	-0,672899	0,005078
14,833645	-0,672899	0,006354
14,843645	-0,676723	0,00763
14,853645	-0,674173	0,006354
14,863645	-0,677997	0,006354
14,873645	-0,680546	0,003802
14,883645	-0,672899	0,005078
14,893645	-0,663977	0,002526
14,903645	-0,643584	0,010181
14,913645	-0,621917	0,005078
14,923645	-0,592603	0,003802
14,942527	-0,512306	0,006354
14,952527	-0,465148	0,006354
14,962527	-0,415441	0,008906
14,972527	-0,360635	0,006354
14,982527	-0,307104	0,006354
14,992527	-0,247201	0,00763
15,002527	-0,186022	0,002526
15,012527	-0,118472	0,006354
15,022527	-0,03945	0,003802
15,032527	0,033199	0,010181
15,060736	0,239676	0,008906
15,070736	0,31105	0,006354
15,080736	0,386249	0,010181
15,090736	0,462721	0,00763
15,100736	0,539194	0,006354
15,110736	0,620765	0,003802
15,120736	0,697238	0,003802
15,130736	0,787731	0,002526
15,140736	0,861654	0,006354
15,150736	0,948323	0,00763
15,172871	1,145878	0,003802
15,182871	1,240194	0,010181
15,192871	1,329413	0,008906
15,202871	1,419905	0,006354
15,212871	1,516771	0,00763
15,222871	1,614911	0,008906
15,232871	1,7156	0,008906
15,242871	1,818838	0,005078
15,252871	1,919527	0,006354
15,262871	2,025315	0,006354
15,285044	2,244536	0,006354
15,295044	2,347775	0,006354
15,305044	2,452287	0,006354
15,315044	2,558075	0,006354
15,325044	2,661313	0,008906
15,335044	2,758178	0,002526
15,345044	2,860142	0,00763
15,355044	2,957008	0,005078
15,365044	3,053873	0,010181
15,375044	3,150738	0,006354
15,395929	3,339371	0,008906
15,405929	3,427315	0,006354
15,415929	3,521631	0,002526
15,425929	3,614673	0,002526
15,435929	3,716637	0,008906
15,445929	3,80713	0,008906
15,455929	3,90272	0,006354
15,465929	3,999586	0,006354
15,475929	4,090079	0,006354
15,485929	4,179297	0,005078
15,509127	4,385773	0,006354
15,519127	4,476266	0,008906
15,529127	4,562935	0,008906
15,539127	4,650879	0,008906
15,549127	4,738823	0,008906
15,559127	4,829315	0,005078
15,569127	4,912161	0,006354
15,579127	4,99883	0,008906
15,589127	5,084224	0,010181
15,599127	5,173443	0,008906
15,617671	5,346781	0,008906
15,627671	5,43345	0,005078
15,637671	5,521394	0,006354
15,647671	5,613161	0,008906
15,657671	5,708752	0,008906
15,667671	5,796696	0,002526
15,677671	5,891012	0,005078
15,687671	5,987877	0,010181
15,697671	6,073272	0,006354
15,707671	6,159941	0,010181
15,728141	6,321808	0,00763
15,738141	6,399556	0,008906
15,748141	6,473479	0,010181
15,758141	6,546128	0,006354
15,768141	6,620052	0,008906
15,778141	6,691427	0,006354
15,788141	6,760252	0,002526
15,798141	6,829078	0,006354
15,808141	6,881334	0,006354
15,818141	6,941238	0,005078
15,846973	7,106929	0,005078
15,856973	7,15791	0,002526
15,866973	7,211441	0,003802
15,876973	7,267521	0,008906
15,886973	7,310856	0,006354
15,896973	7,35674	0,002526
15,906973	7,396251	0,002526
15,916973	7,437036	0,006354
15,926973	7,471449	0,006354
15,936973	7,49694	0,006354
15,958449	7,555569	0,006354
15,968449	7,586158	0,003802
15,978449	7,6091	0,002526
15,988449	7,640963	0,002526
15,998449	7,675376	0,005078
16,008449	7,704691	0,006354
16,018449	7,739103	0,003802
16,028449	7,784987	0,006354
16,038449	7,827047	0,008906
16,048449	7,867832	0,00763
16,065782	7,944305	0,006354
16,075782	7,979993	0,006354
16,085782	8,020778	0,002526
16,095782	8,055191	0,005078
16,105782	8,0998	0,008906
16,115782	8,135487	0,006354
16,125782	8,172449	0,006354
16,135782	8,19794	0,002526
16,145782	8,22598	0,006354
16,155782	8,238725	0,002526
16,169692	8,246373	0,006354
16,179692	8,242549	0,006354
16,189692	8,245098	0,003802
16,199692	8,250196	0,008906
16,209692	8,243823	0,008906
16,219692	8,227254	0,005078
16,229692	8,205587	0,003802
16,239692	8,177547	0,006354
16,249692	8,149507	0,006354
16,259692	8,111271	0,006354
16,275619	8,041171	0,005078
16,285619	7,985091	0,002526
16,295619	7,932834	0,002526
16,305619	7,872931	0,005078
16,315619	7,820674	0,008906
16,325619	7,759496	0,008906
16,335619	7,699592	0,008906
16,345619	7,638414	0,006354
16,355619	7,586158	0,003802
16,365619	7,52498	0,002526
16,383349	7,423016	0,003802
16,393349	7,366936	0,002526
16,403349	7,307032	0,010181
16,413349	7,238207	0,001251
16,423349	7,177029	0,002526
16,433349	7,112027	0,010181
16,443349	7,044476	0,00763
16,453349	6,976925	0,006354
16,463349	6,906825	0,003802
16,473349	6,836725	0,002526
16,496864	6,668485	0,005078
16,506864	6,590738	0,006354
16,516864	6,515539	0,00763
16,526864	6,444165	0,006354
16,536864	6,367692	0,006354
16,546864	6,286121	0,002526
16,556864	6,210923	0,006354
16,566864	6,13445	0,002526
16,576864	6,06435	0,006354
16,586864	5,984054	0,002526
16,609382	5,804343	0,006354
16,619382	5,729145	0,006354
16,629382	5,651397	0,002526
16,639382	5,581297	0,006354
16,649382	5,512472	0,005078
16,659382	5,442372	0,002526
16,669382	5,378645	0,006354
16,679382	5,318741	0,008906
16,689382	5,253739	0,008906
16,699382	5,190012	0,008906
16,729881	4,991183	0,008906
16,739881	4,919808	0,008906
16,749881	4,853532	0,008906
16,759881	4,784706	0,008906
16,769881	4,713332	0,006354
16,779881	4,644506	0,006354
16,789881	4,57823	0,006354
16,799881	4,511953	0,005078
16,809881	4,445677	0,003802
16,819881	4,383224	0,006354
16,844488	4,217533	0,006354
16,854488	4,152531	0,002526
16,864488	4,084981	0,003802
16,874488	4,023802	0,008906
16,884488	3,956251	0,006354
16,894488	3,884877	0,008906
16,904488	3,816051	0,008906
16,914488	3,747226	0,008906
16,924488	3,6784	0,008906
16,934488	3,6083	0,003802
16,950839	3,51016	0,008906
16,960839	3,437511	0,002526
16,970839	3,380157	0,006354
16,980839	3,315155	0,008906
16,990839	3,24378	0,006354
17,000839	3,182602	0,008906
17,010839	3,108678	0,005078
17,020839	3,038578	0,003802
17,030839	2,971028	0,006354
17,040839	2,900927	0,002526
17,070868	2,702098	0,00763
17,080868	2,6269	0,002526
17,090868	2,561898	0,010181
17,100868	2,490524	0,008906
17,110868	2,417875	0,010181
17,120868	2,349049	0,006354
17,130868	2,278949	0,002526
17,140868	2,203751	0,003802
17,150868	2,133651	0,006354
17,160868	2,049531	0,003802
17,182954	1,8558	0,002526
17,192954	1,774229	0,003802
17,202954	1,697756	0,006354
17,212954	1,612362	0,005078
17,222954	1,538438	0,008906
17,232954	1,474711	0,002526
17,242954	1,398238	0,008906
17,252954	1,331962	0,006354
17,262954	1,268234	0,003802
17,272954	1,209605	0,006354
17,292363	1,094896	0,005078
17,302363	1,034992	0,002526
17,312363	0,987834	0,008906
17,322363	0,929205	0,006354
17,332363	0,876949	0,006354
17,342363	0,827241	0,006354
17,352363	0,778809	0,006354
17,362363	0,7342	0,010181
17,372363	0,671747	0,006354
17,382363	0,625863	0,006354
17,402718	0,514978	0,008906
17,412718	0,462721	0,008906
17,422718	0,407916	0,006354
17,432718	0,358209	0,002526
17,442718	0,307227	0,003802
17,452718	0,252421	0,006354
17,462718	0,202714	0,006354
17,472718	0,153007	0,006354
17,482718	0,102025	0,006354
17,492718	0,047219	0,006354
17,523337	-0,110824	0,003802
17,533337	-0,161806	0,010181
17,543337	-0,215337	0,00763
17,553337	-0,256122	0,006354
17,563337	-0,30583	0,002526
17,573337	-0,346615	0,006354
17,583337	-0,386126	0,008906
17,593337	-0,429461	0,00763
17,603337	-0,465148	0,006354
17,613337	-0,499561	0,010181
17,643285	-0,60025	0,00763
17,653285	-0,637212	0,002526
17,663285	-0,666526	0,006354
17,673285	-0,700939	0,003802
17,683285	-0,727704	0,010181
17,693285	-0,764666	0,002526
17,703285	-0,801628	0,008906
17,713285	-0,847512	0,003802
17,723285	-0,887023	0,008906
17,733285	-0,93673	0,003802
17,761293	-1,071832	0,010181
17,771293	-1,121539	0,006354
17,781293	-1,163599	0,010181
17,791293	-1,213306	0,003802
17,801293	-1,261739	0,00763
17,811293	-1,307623	0,006354
17,821293	-1,348408	0,006354
17,831293	-1,362428	0,008906
17,841293	-1,38537	0,008906
17,851293	-1,38537	0,006354
17,876756	-1,387919	0,006354
17,886756	-1,386645	0,008906
17,896756	-1,381546	0,005078
17,906756	-1,390468	0,00763
17,916756	-1,384095	0,00763
17,926756	-1,390468	0,006354
17,936756	-1,386645	0,010181
17,946756	-1,384095	0,005078
17,956756	-1,386645	0,003802
17,966756	-1,386645	0,008906
17,981125	-1,387919	0,005078
17,991125	-1,389194	0,002526
18,001125	-1,387919	0,00763
18,011125	-1,387919	0,00763
18,021125	-1,370075	0,006354
18,031125	-1,363703	0,003802
18,041125	-1,354781	0,006354
18,051125	-1,339486	0,006354
18,061125	-1,317819	0,006354
18,071125	-1,298701	0,008906
18,089063	-1,25919	0,008906
18,099063	-1,232425	0,003802
18,109063	-1,192914	0,010181
18,119063	-1,168697	0,002526
18,129063	-1,131735	0,008906
18,139063	-1,102421	0,005078
18,149063	-1,060361	0,006354
18,159063	-1,011928	0,008906
18,169063	-0,969868	0,006354
18,179063	-0,920161	0,006354
18,202909	-0,795255	0,008906
18,212909	-0,746823	0,003802
18,222909	-0,685644	0,008906
18,232909	-0,623192	0,005078
18,242909	-0,562013	0,00763
18,252909	-0,497012	0,006354
18,262909	-0,423088	0,008906
18,272909	-0,360635	0,006354
18,282909	-0,29181	0,002526
18,292909	-0,215337	0,006354
18,311023	-0,059842	0,006354
18,321023	0,019179	0,006354
18,331023	0,094378	0,006354
18,341023	0,179772	0,006354
18,351023	0,252421	0,005078
18,361023	0,331443	0,006354
18,371023	0,414289	0,006354
18,381023	0,486938	0,006354
18,391023	0,569783	0,006354
18,401023	0,641158	0,006354
18,424714	0,811947	0,010181
18,434714	0,885871	0,006354
18,444714	0,964892	0,006354
18,454714	1,04264	0,006354
18,464714	1,120387	0,006354
18,474714	1,198134	0,008906
18,484714	1,275882	0,008906
18,494714	1,35108	0,005078
18,504714	1,425003	0,003802
18,514714	1,507849	0,010181
18,538139	1,695207	0,005078
18,548139	1,776778	0,002526
18,558139	1,859624	0,003802
18,568139	1,950116	0,002526
18,578139	2,036785	0,006354
18,588139	2,123455	0,006354
18,598139	2,2063	0,010181
18,608139	2,286596	0,003802
18,618139	2,371991	0,010181
18,628139	2,454836	0,006354
18,651139	2,660038	0,006354
18,661139	2,73906	0,006354
18,671139	2,819357	0,006354
18,681139	2,892006	0,006354
18,691139	2,969753	0,008906
18,701139	3,039853	0,008906
18,711139	3,107404	0,002526
18,721139	3,1877	0,008906
18,731139	3,250153	0,002526
18,741139	3,324077	0,006354
18,759783	3,450257	0,006354
18,769783	3,522906	0,008906
18,779783	3,595555	0,00763
18,789783	3,668204	0,003802
18,799783	3,743402	0,005078
18,809783	3,805855	0,00763
18,819783	3,868308	0,008906
18,829783	3,93076	0,006354
18,839783	3,988115	0,005078
18,849783	4,042921	0,002526
18,871913	4,166551	0,006354
18,881913	4,218808	0,002526
18,891913	4,278712	0,00763
18,901913	4,329693	0,010181
18,911913	4,385773	0,006354
18,921913	4,439304	0,003802
18,931913	4,499208	0,008906
18,941913	4,556562	0,006354
18,951913	4,617741	0,005078
18,961913	4,671272	0,006354
18,979001	4,765588	0,006354
18,989001	4,822943	0,006354
18,999001	4,876473	0,005078
19,009001	4,930004	0,006354
19,019001	4,987359	0,008906
19,029001	5,034517	0,005078
19,039001	5,08295	0,002526
19,049001	5,141579	0,006354
19,059001	5,196384	0,006354
19,069001	5,247366	0,008906
19,08713	5,345506	0,003802
19,09713	5,399037	0,006354
19,10713	5,455117	0,006354
19,11713	5,512472	0,002526
19,12713	5,572375	0,002526
19,13713	5,633554	0,008906
19,14713	5,703654	0,006354
19,15713	5,762283	0,006354
19,16713	5,819637	0,006354
19,17713	5,883365	0,006354
19,207471	6,06435	0,002526
19,217471	6,125528	0,00763
19,227471	6,179059	0,006354
19,237471	6,23259	0,008906
19,247471	6,291219	0,008906
19,257471	6,346025	0,006354
19,267471	6,402105	0,006354
19,277471	6,454361	0,003802
19,287471	6,506618	0,002526
19,297471	6,561423	0,010181
19,327064	6,700349	0,006354
19,337064	6,743683	0,008906
19,347064	6,783194	0,005078
19,357064	6,823979	0,006354
19,367064	6,859667	0,006354
19,377064	6,894079	0,006354
19,387064	6,927218	0,006354
19,397064	6,966729	0,00763
19,407064	7,012612	0,006354
19,417064	7,0483	0,006354
19,441106	7,13242	0,006354
19,451106	7,177029	0,006354
19,461106	7,215265	0,006354
19,471106	7,262423	0,010181
19,481106	7,303209	0,006354
19,491106	7,350367	0,008906
19,501106	7,397525	0,010181
19,511106	7,448507	0,008906
19,521106	7,494391	0,002526
19,531106	7,547921	0,010181
19,5609	7,708514	0,008906
19,5709	7,759496	0,005078
19,5809	7,810478	0,00763
19,5909	7,871656	0,006354
19,6009	7,940482	0,008906
19,6109	7,999111	0,006354
19,6209	8,048818	0,003802
19,6309	8,095976	0,006354
19,6409	8,146958	0,008906
19,6509	8,192842	0,005078
19,67803	8,307551	0,010181
19,68803	8,345787	0,002526
19,69803	8,386573	0,010181
19,70803	8,42226	0,002526
19,71803	8,459222	0,006354
19,72803	8,496184	0,006354
19,73803	8,522949	0,002526
19,74803	8,561185	0,00763
19,75803	8,585402	0,006354
19,76803	8,587951	0,006354
19,787739	8,587951	0,003802
19,797739	8,591774	0,006354
19,807739	8,591774	0,010181
19,817739	8,5905	0,006354
19,827739	8,5905	0,002526
19,837739	8,5905	0,005078
19,847739	8,5905	0,006354
19,857739	8,587951	0,006354
19,867739	8,5905	0,002526
19,877739	8,594324	0,008906
19,900167	8,586676	0,002526
19,910167	8,593049	0,00763
19,920167	8,591774	0,006354
19,930167	8,594324	0,008906
19,940167	8,5905	0,005078
19,950167	8,591774	0,006354
19,960167	8,5905	0,003802
19,970167	8,589225	0,008906
19,980167	8,573931	0,006354
19,990167	8,536969	0,006354
20,00863	8,438829	0,003802
20,01863	8,3802	0,006354
20,02863	8,311374	0,008906
20,03863	8,242549	0,008906
20,04863	8,167351	0,002526
20,05863	8,104898	0,00763
20,06863	8,028425	0,002526
20,07863	7,960874	0,006354
20,08863	7,874205	0,00763
20,09863	7,801556	0,002526
20,118794	7,638414	0,006354
20,128794	7,550471	0,002526
20,138794	7,476547	0,010181
20,148794	7,403898	0,008906
20,158794	7,335072	0,008906
20,168794	7,266247	0,008906
20,178794	7,1885	0,006354
20,188794	7,112027	0,003802
20,198794	7,029181	0,002526
20,208794	6,943787	0,003802
20,230942	6,729663	0,005078
20,240942	6,631523	0,002526
20,250942	6,558874	0,010181
20,260942	6,474754	0,006354
20,270942	6,395732	0,00763
20,280942	6,315436	0,003802
20,290942	6,236414	0,006354
20,300942	6,149745	0,003802
20,310942	6,06435	0,008906
20,320942	5,973857	0,006354
20,343005	5,780126	0,008906
20,353005	5,694732	0,006354
20,363005	5,602965	0,002526
20,373005	5,530315	0,008906
20,383005	5,441097	0,002526
20,393005	5,364625	0,005078
20,403005	5,281779	0,006354
20,413005	5,201483	0,006354
20,423005	5,11099	0,006354
20,433005	5,029419	0,005078
20,450423	4,879023	0,006354
20,460423	4,793628	0,006354
20,470423	4,699312	0,002526
20,480423	4,610093	0,008906
20,490423	4,513228	0,002526
20,500423	4,421461	0,005078
20,510423	4,324595	0,002526
20,520423	4,234102	0,008906
20,530423	4,133413	0,006354
20,540423	4,033999	0,010181
20,57132	3,743402	0,006354
20,58132	3,63889	0,006354
20,59132	3,533102	0,006354
20,60132	3,438786	0,006354
20,61132	3,326626	0,008906
20,62132	3,223388	0,002526
20,63132	3,126522	0,008906
20,64132	3,020735	0,003802
20,65132	2,913673	0,002526
20,66132	2,815533	0,006354
20,687059	2,552976	0,003802
20,697059	2,465033	0,006354
20,707059	2,37454	0,008906
20,717059	2,281498	0,008906
20,727059	2,182084	0,008906
20,737059	2,09414	0,008906
20,747059	2,007471	0,010181
20,757059	1,919527	0,008906
20,767059	1,839231	0,006354
20,777059	1,769131	0,008906
20,794597	1,644225	0,002526
20,804597	1,571576	0,006354
20,814597	1,511673	0,006354
20,824597	1,441573	0,010181
20,834597	1,361276	0,002526
20,844597	1,297549	0,005078
20,854597	1,229998	0,006354
20,864597	1,163722	0,006354
20,874597	1,082151	0,006354
20,884597	1,018423	0,006354
20,905034	0,865478	0,008906
20,915034	0,786456	0,003802
20,925034	0,704885	0,008906
20,935034	0,62204	0,006354
20,945034	0,548116	0,006354
20,955034	0,475467	0,008906
20,965034	0,396445	0,002526
20,975034	0,321247	0,010181
20,985034	0,242225	0,002526
20,995034	0,168301	0,006354
21,023923	-0,049646	0,005078
21,033923	-0,117197	0,010181
21,043923	-0,177101	0,002526
21,053923	-0,231906	0,00763
21,063923	-0,284162	0,005078
21,073923	-0,340242	0,006354
21,083923	-0,388675	0,006354
21,093923	-0,433284	0,005078
21,103923	-0,476619	0,006354
21,113923	-0,523777	0,006354
21,137687	-0,615544	0,00763
21,147687	-0,648683	0,002526
21,157687	-0,685644	0,008906
21,167687	-0,720057	0,006354
21,177687	-0,749372	0,008906
21,187687	-0,779961	0,008906
21,197687	-0,814374	0,005078
21,207687	-0,842414	0,008906
21,217687	-0,887023	0,003802
21,227687	-0,920161	0,006354
21,249247	-1,014477	0,006354
21,259247	-1,053988	0,002526
21,269247	-1,093499	0,002526
21,279247	-1,124088	0,006354
21,289247	-1,16105	0,010181
21,299247	-1,200561	0,005078
21,309247	-1,243895	0,006354
21,319247	-1,279583	0,006354
21,329247	-1,317819	0,003802
21,339247	-1,352232	0,002526
21,357726	-1,384095	0,006354
21,367726	-1,380272	0,008906
21,377726	-1,384095	0,006354
21,387726	-1,382821	0,003802
21,397726	-1,384095	0,008906
21,407726	-1,381546	0,006354
21,417726	-1,387919	0,005078
21,427726	-1,384095	0,002526
21,437726	-1,381546	0,006354
21,447726	-1,382821	0,006354
21,473086	-1,381546	0,008906
21,483086	-1,386645	0,001251
21,493086	-1,387919	0,006354
21,503086	-1,387919	0,002526
21,513086	-1,381546	0,010181
21,523086	-1,387919	0,002526
21,533086	-1,380272	0,008906
21,543086	-1,38537	0,002526
21,553086	-1,381546	0,006354
21,563086	-1,381546	0,010181
21,585526	-1,382821	0,006354
21,595526	-1,381546	0,002526
21,605526	-1,381546	0,002526
21,615526	-1,384095	0,006354
21,625526	-1,381546	0,010181
21,635526	-1,377723	0,008906
21,645526	-1,378997	0,002526
21,655526	-1,359879	0,008906
21,665526	-1,353506	0,006354
21,675526	-1,336937	0,003802
21,690378	-1,306348	0,006354
21,700378	-1,283406	0,006354
21,710378	-1,257915	0,006354
21,720378	-1,229875	0,002526
21,730378	-1,191639	0,006354
21,740378	-1,159775	0,002526
21,750378	-1,130461	0,010181
21,760378	-1,089675	0,006354
21,770378	-1,050164	0,002526
21,780378	-1,001732	0,006354
21,800249	-0,903592	0,006354
21,810249	-0,853884	0,003802
21,820249	-0,795255	0,006354
21,830249	-0,74045	0,005078
21,840249	-0,686919	0,006354
21,850249	-0,624466	0,005078
21,860249	-0,554366	0,006354
21,870249	-0,480443	0,006354
21,880249	-0,412892	0,003802
21,890249	-0,336419	0,006354
21,917195	-0,113373	0,006354
21,927195	-0,026704	0,006354
21,937195	0,05869	0,006354
21,947195	0,145359	0,002526
21,957195	0,229479	0,002526
21,967195	0,316149	0,008906
21,977195	0,396445	0,006354
21,987195	0,472918	0,003802
21,997195	0,56341	0,006354
22,007195	0,644981	0,005078
22,029712	0,836163	0,010181
22,039712	0,911361	0,006354
22,049712	0,994207	0,006354
22,059712	1,068131	0,006354
22,069712	1,145878	0,006354
22,079712	1,218527	0,006354
22,089712	1,300098	0,008906
22,099712	1,375296	0,006354
22,109712	1,455593	0,003802
22,119712	1,53334	0,008906
22,143068	1,710502	0,008906
22,153068	1,783151	0,006354
22,163068	1,860898	0,006354
22,173068	1,947567	0,008906
22,183068	2,025315	0,003802
22,193068	2,105611	0,006354
22,203068	2,183358	0,006354
22,213068	2,263655	0,003802
22,223068	2,352873	0,010181
22,233068	2,431895	0,002526
22,250656	2,588664	0,008906
22,260656	2,666411	0,002526
22,270656	2,747982	0,00763
22,280656	2,824455	0,006354
22,290656	2,890731	0,006354
22,300656	2,96338	0,006354
22,310656	3,03348	0,006354
22,320656	3,101031	0,006354
22,330656	3,176229	0,008906
22,340656	3,246329	0,008906
22,364995	3,419668	0,002526
22,374995	3,497415	0,006354
22,384995	3,573888	0,006354
22,394995	3,654184	0,002526
22,404995	3,73448	0,008906
22,414995	3,798208	0,006354
22,424995	3,882328	0,008906
22,434995	3,953702	0,002526
22,444995	4,03145	0,006354
22,454995	4,104099	0,008906
22,485298	4,306752	0,002526
22,495298	4,378126	0,006354
22,505298	4,43803	0,002526
22,515298	4,500482	0,006354
22,525298	4,568033	0,010181
22,535298	4,621564	0,006354
22,545298	4,675095	0,002526
22,555298	4,733724	0,003802
22,565298	4,794903	0,006354
22,575298	4,848433	0,008906
22,590593	4,924906	0,006354
22,600593	4,980986	0,006354
22,610593	5,031968	0,006354
22,620593	5,080401	0,002526
22,630593	5,135206	0,008906
22,640593	5,188737	0,003802
22,650593	5,247366	0,006354
22,660593	5,302172	0,002526
22,670593	5,36335	0,006354
22,680593	5,423254	0,010181
22,703796	5,560905	0,002526
22,713796	5,628456	0,010181
22,723796	5,702379	0,008906
22,733796	5,758459	0,002526
22,743796	5,823461	0,002526
22,753796	5,893561	0,006354
22,763796	5,961112	0,008906
22,773796	6,024839	0,010181
22,783796	6,086017	0,006354
22,793796	6,147196	0,006354
22,815645	6,273376	0,006354
22,825645	6,328181	0,002526
22,835645	6,382987	0,002526
22,845645	6,439067	0,005078
22,855645	6,490048	0,006354
22,865645	6,54103	0,008906
22,875645	6,586914	0,006354
22,885645	6,628974	0,003802
22,895645	6,678681	0,006354
22,905645	6,724565	0,006354
22,928981	6,813783	0,003802
22,938981	6,853294	0,002526
22,948981	6,887707	0,006354
22,958981	6,93359	0,010181
22,968981	6,974376	0,006354
22,978981	7,016436	0,006354
22,988981	7,0483	0,002526
22,998981	7,080163	0,006354
23,008981	7,114576	0,006354
23,018981	7,142616	0,002526
23,049527	7,245854	0,008906
23,059527	7,273894	0,002526
23,069527	7,309581	0,003802
23,079527	7,346543	0,003802
23,089527	7,382231	0,006354
23,099527	7,408996	0,006354
23,109527	7,443409	0,008906
23,119527	7,479096	0,006354
23,129527	7,52498	0,002526
23,139527	7,574687	0,002526
23,162869	7,697043	0,00763
23,172869	7,748025	0,003802
23,182869	7,810478	0,003802
23,192869	7,849989	0,008906
23,202869	7,895872	0,006354
23,212869	7,937932	0,008906
23,222869	7,97362	0,003802
23,232869	8,018229	0,005078
23,242869	8,050093	0,002526
23,252869	8,081956	0,002526
23,272525	8,149507	0,010181
23,282525	8,177547	0,005078
23,292525	8,208136	0,010181
23,302525	8,236176	0,008906
23,312525	8,257843	0,006354
23,322525	8,283334	0,005078
23,332525	8,308825	0,006354
23,342525	8,340689	0,002526
23,352525	8,3802	0,002526
23,362525	8,432456	0,008906
23,381119	8,538244	0,008906
23,391119	8,586676	0,008906
23,401119	8,593049	0,006354
23,411119	8,5905	0,003802
23,421119	8,591774	0,002526
23,431119	8,587951	0,002526
23,441119	8,5905	0,00763
23,451119	8,587951	0,003802
23,461119	8,594324	0,006354
23,471119	8,5905	0,008906
23,493697	8,587951	0,003802
23,503697	8,587951	0,006354
23,513697	8,5905	0,010181
23,523697	8,5905	0,008906
23,533697	8,587951	0,006354
23,543697	8,587951	0,006354
23,553697	8,589225	0,005078
23,563697	8,595598	0,010181
23,573697	8,584127	0,006354
23,583697	8,554813	0,008906
23,598994	8,498733	0,006354
23,608994	8,449025	0,002526
23,618994	8,391671	0,003802
23,628994	8,320296	0,006354
23,638994	8,252745	0,008906
23,648994	8,181371	0,006354
23,658994	8,115094	0,005078
23,668994	8,052642	0,006354
23,678994	7,996562	0,010181
23,688994	7,941756	0,006354
23,718816	7,80538	0,008906
23,728816	7,754398	0,008906
23,738816	7,704691	0,006354
23,748816	7,657532	0,005078
23,758816	7,601452	0,00763
23,768816	7,551745	0,002526
23,778816	7,505861	0,002526
23,788816	7,456154	0,005078
23,798816	7,415369	0,006354
23,808816	7,365661	0,008906
23,836031	7,225461	0,006354
23,846031	7,163009	0,003802
23,856031	7,100556	0,008906
23,866031	7,030456	0,008906
23,876031	6,959081	0,010181
23,886031	6,881334	0,005078
23,896031	6,811234	0,008906
23,906031	6,741134	0,008906
23,916031	6,659563	0,003802
23,926031	6,585639	0,006354
23,948551	6,411027	0,002526
23,958551	6,326907	0,006354
23,968551	6,238963	0,006354
23,978551	6,154843	0,006354
23,988551	6,066899	0,001251
23,998551	5,990427	0,006354
24,008551	5,916503	0,006354
24,018551	5,841305	0,002526
24,028551	5,777577	0,006354
24,038551	5,711301	0,006354
24,057446	5,594043	0,005078
24,067446	5,53159	0,006354
24,077446	5,47551	0,002526
24,087446	5,418155	0,006354
24,097446	5,365899	0,006354
24,107446	5,316192	0,008906
24,117446	5,256288	0,002526
24,127446	5,207855	0,003802
24,137446	5,155599	0,002526
24,147446	5,104617	0,008906
24,17077	4,974614	0,005078
24,18077	4,917259	0,010181
24,19077	4,863728	0,006354
24,20077	4,798726	0,002526
24,21077	4,741372	0,010181
24,22077	4,671272	0,002526
24,23077	4,612642	0,006354
24,24077	4,547641	0,006354
24,25077	4,481364	0,006354
24,26077	4,425284	0,006354
24,284907	4,265966	0,008906
24,294907	4,193317	0,002526
24,304907	4,123217	0,008906
24,314907	4,054391	0,006354
24,324907	3,981742	0,006354
24,334907	3,910368	0,008906
24,344907	3,828797	0,006354
24,354907	3,754873	0,003802
24,364907	3,6784	0,006354
24,374907	3,6083	0,008906
24,404972	3,385255	0,008906
24,414972	3,304959	0,003802
24,424972	3,234858	0,006354
24,434972	3,162209	0,005078
24,444972	3,090835	0,008906
24,454972	3,002891	0,002526
24,464972	2,93534	0,008906
24,474972	2,848671	0,002526
24,484972	2,778571	0,008906
24,494972	2,699549	0,006354
24,523511	2,480327	0,006354
24,533511	2,403855	0,003802
24,543511	2,333755	0,008906
24,553511	2,266204	0,006354
24,563511	2,197378	0,002526
24,573511	2,129827	0,006354
24,583511	2,054629	0,003802
24,593511	1,990902	0,010181
24,603511	1,923351	0,006354
24,613511	1,857074	0,006354
24,642798	1,697756	0,006354
24,652798	1,651873	0,010181
24,662798	1,595793	0,003802
24,672798	1,551183	0,002526
24,682798	1,512947	0,008906
24,692798	1,469613	0,008906
24,702798	1,422454	0,008906
24,712798	1,375296	0,002526
24,722798	1,342158	0,008906
24,732798	1,300098	0,006354
24,748916	1,246567	0,006354
24,758916	1,213429	0,006354
24,768916	1,177742	0,011457
24,778916	1,136956	0,005078
24,788916	1,094896	0,002526
24,798916	1,05666	0,002526
24,808916	1,017149	0,008906
24,818916	0,967442	0,006354
24,828916	0,920283	0,003802
24,838916	0,879498	0,008906
24,86179	0,767338	0,006354
24,87179	0,716356	0,006354
24,88179	0,667923	0,008906
24,89179	0,620765	0,002526
24,90179	0,578705	0,006354
24,91179	0,527723	0,003802
24,92179	0,476741	0,002526
24,93179	0,438505	0,006354
24,94179	0,400269	0,006354
24,95179	0,356934	0,006354
24,973672	0,276638	0,008906
24,983672	0,237127	0,003802
24,993672	0,200165	0,006354
25,003672	0,159379	0,006354
25,013672	0,122418	0,003802
25,023672	0,085456	0,006354
25,033672	0,043396	0,002526
25,043672	0,014081	0,008906
25,053672	-0,02543	0,006354
25,063672	-0,056019	0,010181
25,081708	-0,114648	0,006354
25,091708	-0,147786	0,003802
25,101708	-0,169453	0,006354
25,111708	-0,202592	0,003802
25,121708	-0,22171	0,006354
25,131708	-0,24975	0,006354
25,141708	-0,281613	0,006354
25,151708	-0,300732	0,003802
25,161708	-0,324948	0,00763
25,171708	-0,350439	0,010181
25,197935	-0,410342	0,006354
25,207935	-0,439657	0,006354
25,217935	-0,456226	0,006354
25,227935	-0,490639	0,006354
25,237935	-0,509757	0,005078
25,247935	-0,536523	0,008906
25,257935	-0,55819	0,010181
25,267935	-0,58623	0,002526
25,277935	-0,60025	0,00763
25,287935	-0,618093	0,00763
25,308941	-0,662703	0,006354
25,318941	-0,677997	0,006354
25,328941	-0,69839	0,003802
25,338941	-0,718783	0,006354
25,348941	-0,737901	0,006354
25,358941	-0,755744	0,010181
25,368941	-0,783784	0,006354
25,378941	-0,81055	0,003802
25,388941	-0,841139	0,003802
25,398941	-0,864081	0,010181
25,413114	-0,916337	0,003802
25,423114	-0,941828	0,005078
25,433114	-0,977515	0,006354
25,443114	-1,008104	0,008906
25,453114	-1,045066	0,006354
25,463114	-1,075655	0,008906
25,473114	-1,113892	0,006354
25,483114	-1,145755	0,010181
25,493114	-1,187815	0,002526
25,503114	-1,219679	0,00763
25,525452	-1,298701	0,003802
25,535452	-1,317819	0,006354
25,545452	-1,347134	0,002526
25,555452	-1,354781	0,00763
25,565452	-1,353506	0,010181
25,575452	-1,363703	0,002526
25,585452	-1,361154	0,010181
25,595452	-1,366252	0,002526
25,605452	-1,363703	0,006354
25,615452	-1,364977	0,003802
25,632092	-1,364977	0,006354
25,642092	-1,366252	0,008906
25,652092	-1,362428	0,006354
25,662092	-1,366252	0,006354
25,672092	-1,363703	0,008906
25,682092	-1,366252	0,010181
25,692092	-1,367526	0,001251
25,702092	-1,361154	0,005078
25,712092	-1,362428	0,006354
25,722092	-1,362428	0,006354
25,736806	-1,363703	0,006354
25,746806	-1,366252	0,00763
25,756806	-1,361154	0,002526
25,766806	-1,35733	0,008906
25,776806	-1,350957	0,002526
25,786806	-1,344585	0,010181
25,796806	-1,32929	0,006354
25,806806	-1,312721	0,002526
25,816806	-1,302525	0,00763
25,826806	-1,277034	0,006354
25,847672	-1,223503	0,006354
25,857672	-1,185266	0,008906
25,867672	-1,14703	0,006354
25,877672	-1,121539	0,002526
25,887672	-1,080754	0,00763
25,897672	-1,033595	0,006354
25,907672	-0,996634	0,006354
25,917672	-0,953299	0,00763
25,927672	-0,899768	0,006354
25,937672	-0,861532	0,00763
25,959888	-0,744273	0,006354
25,969888	-0,694566	0,006354
25,979888	-0,646133	0,003802
25,989888	-0,584955	0,006354
25,999888	-0,527601	0,008906
26,009888	-0,466423	0,002526
26,019888	-0,407793	0,006354
26,029888	-0,342792	0,008906
26,039888	-0,279064	0,002526
26,049888	-0,208964	0,006354
26,07247	-0,048371	0,008906
26,08247	0,021729	0,006354
26,09247	0,094378	0,006354
26,10247	0,173399	0,010181
26,11247	0,249872	0,003802
26,12247	0,32507	0,003802
26,13247	0,404092	0,005078
26,14247	0,48184	0,002526
26,15247	0,56341	0,006354
26,16247	0,642432	0,006354
26,182534	0,799201	0,006354
26,192534	0,871851	0,006354
26,202534	0,954696	0,008906
26,212534	1,032443	0,008906
26,222534	1,110191	0,002526
26,232534	1,195585	0,008906
26,242534	1,269509	0,003802
26,252534	1,354903	0,006354
26,262534	1,442847	0,008906
26,272534	1,524418	0,006354
26,294868	1,733444	0,010181
26,304868	1,821387	0,006354
26,314868	1,91188	0,005078
26,324868	2,001098	0,003802
26,334868	2,086493	0,008906
26,344868	2,165515	0,003802
26,354868	2,254733	0,008906
26,364868	2,328656	0,005078
26,374868	2,408953	0,006354
26,384868	2,4867	0,002526
26,414631	2,716118	0,006354
26,424631	2,796415	0,010181
26,434631	2,870338	0,00763
26,444631	2,957008	0,010181
26,454631	3,032206	0,006354
26,464631	3,108678	0,002526
26,474631	3,190249	0,006354
26,484631	3,275644	0,006354
26,494631	3,358489	0,008906
26,504631	3,442609	0,006354
26,527838	3,640164	0,008906
26,537838	3,730657	0,005078
26,547838	3,803306	0,003802
26,557838	3,898897	0,010181
26,567838	3,981742	0,006354
26,577838	4,063313	0,010181
26,587838	4,137237	0,005078
26,597838	4,216259	0,005078
26,607838	4,295281	0,006354
26,617838	4,371753	0,006354
26,637663	4,514502	0,008906
26,647663	4,588426	0,008906
26,657663	4,655977	0,003802
26,667663	4,724803	0,008906
26,677663	4,797452	0,006354
26,687663	4,862453	0,006354
26,697663	4,930004	0,002526
26,707663	4,989908	0,006354
26,717663	5,047263	0,002526
26,727663	5,114814	0,010181
26,75121	5,275406	0,008906
26,76121	5,339134	0,006354
26,77121	5,404135	0,003802
26,78121	5,481883	0,006354
26,79121	5,549434	0,003802
26,80121	5,623357	0,002526
26,81121	5,706203	0,002526
26,82121	5,782676	0,006354
26,83121	5,855325	0,002526
26,84121	5,933072	0,006354
26,85701	6,056703	0,002526
26,86701	6,136999	0,005078
26,87701	6,208374	0,003802
26,88701	6,279748	0,002526
26,89701	6,356221	0,008906
26,90701	6,42887	0,006354
26,91701	6,495147	0,003802
26,92701	6,561423	0,002526
26,93701	6,635347	0,008906
26,94701	6,696525	0,002526
26,965754	6,823979	0,005078
26,975754	6,874961	0,00763
26,985754	6,918296	0,00763
26,995754	6,973101	0,00763
27,005754	7,015161	0,003802
27,015754	7,057221	0,006354
27,025754	7,10183	0,005078
27,035754	7,147714	0,006354
27,045754	7,192323	0,008906
27,055754	7,225461	0,006354
27,076106	7,285365	0,008906
27,086106	7,298111	0,006354
27,096106	7,315954	0,008906
27,106106	7,326151	0,006354
27,116106	7,329974	0,006354
27,126106	7,341445	0,010181
27,136106	7,350367	0,002526
27,146106	7,360563	0,003802
27,156106	7,366936	0,006354
27,166106	7,380956	0,006354
27,194879	7,433212	0,008906
27,204879	7,452331	0,002526
27,214879	7,484194	0,006354
27,224879	7,516058	0,006354
27,234879	7,549196	0,002526
27,244879	7,596354	0,006354
27,254879	7,639689	0,006354
27,264879	7,677925	0,005078
27,274879	7,719985	0,006354
27,284879	7,762045	0,008906
27,315295	7,884402	0,002526
27,325295	7,932834	0,005078
27,335295	7,981267	0,005078
27,345295	8,020778	0,008906
27,355295	8,059014	0,002526
27,365295	8,101074	0,008906
27,375295	8,145683	0,008906
27,385295	8,182645	0,010181
27,395295	8,227254	0,010181
27,405295	8,26804	0,003802
27,425284	8,349611	0,006354
27,435284	8,384024	0,002526
27,445284	8,424809	0,006354
27,455284	8,455398	0,006354
27,465284	8,479614	0,006354
27,475284	8,511478	0,006354
27,485284	8,539518	0,006354
27,495284	8,567558	0,006354
27,505284	8,591774	0,008906
27,515284	8,594324	0,006354
27,534891	8,5905	0,006354
27,544891	8,594324	0,006354
27,554891	8,591774	0,006354
27,564891	8,5905	0,006354
27,574891	8,593049	0,008906
27,584891	8,589225	0,006354
27,594891	8,591774	0,006354
27,604891	8,589225	0,002526
27,614891	8,591774	0,002526
27,624891	8,5905	0,002526
27,655325	8,589225	0,001251
27,665325	8,591774	0,008906
27,675325	8,589225	0,010181
27,685325	8,5905	0,002526
27,695325	8,591774	0,006354
27,705325	8,594324	0,010181
27,715325	8,594324	0,010181
27,725325	8,5905	0,010181
27,735325	8,5905	0,008906
27,745325	8,587951	0,002526
27,760868	8,5905	0,002526
27,770868	8,585402	0,008906
27,780868	8,557362	0,005078
27,790868	8,521674	0,003802
27,800868	8,488536	0,006354
27,810868	8,438829	0,006354
27,820868	8,395494	0,008906
27,830868	8,339414	0,006354
27,840868	8,285883	0,002526
27,850868	8,220882	0,005078
27,868683	8,089603	0,008906
27,878683	8,002934	0,002526
27,888683	7,920089	0,010181
27,898683	7,848714	0,002526
27,908683	7,769692	0,003802
27,918683	7,703416	0,005078
27,928683	7,644787	0,008906
27,938683	7,579785	0,006354
27,948683	7,517332	0,001251
27,958683	7,461252	0,006354
27,979926	7,324876	0,006354
27,989926	7,257325	0,006354
27,999926	7,198696	0,006354
28,009926	7,142616	0,006354
28,019926	7,086536	0,008906
28,029926	7,03173	0,006354
28,039926	6,974376	0,006354
28,049926	6,913198	0,006354
28,059926	6,848196	0,003802
28,069926	6,788292	0,008906
28,09277	6,616228	0,002526
28,10277	6,542305	0,002526
28,11277	6,474754	0,003802
28,12277	6,411027	0,008906
28,13277	6,346025	0,006354
28,14277	6,275925	0,002526
28,15277	6,202001	0,00763
28,16277	6,129352	0,006354
28,17277	6,05033	0,006354
28,18277	5,978956	0,006354
28,213267	5,740616	0,00763
28,223267	5,669241	0,008906
28,233267	5,60169	0,006354
28,243267	5,527766	0,002526
28,253267	5,464039	0,006354
28,263267	5,395214	0,002526
28,273267	5,332761	0,005078
28,283267	5,260112	0,002526
28,293267	5,196384	0,008906
28,303267	5,123735	0,005078
28,331539	4,937652	0,006354
28,341539	4,879023	0,008906
28,351539	4,812746	0,006354
28,361539	4,754117	0,008906
28,371539	4,685292	0,006354
28,381539	4,625388	0,005078
28,391539	4,562935	0,002526
28,401539	4,510679	0,006354
28,411539	4,463521	0,003802
28,421539	4,421461	0,008906
28,444534	4,314399	0,006354
28,454534	4,265966	0,006354
28,464534	4,216259	0,008906
28,474534	4,15763	0,008906
28,484534	4,100275	0,010181
28,494534	4,032724	0,008906
28,504534	3,965173	0,002526
28,514534	3,893799	0,006354
28,524534	3,827522	0,005078
28,534534	3,759971	0,008906
28,556427	3,609575	0,008906
28,566427	3,540749	0,003802
28,576427	3,477022	0,008906
28,586427	3,403099	0,006354
28,596427	3,335548	0,006354
28,606427	3,266722	0,006354
28,616427	3,20172	0,008906
28,626427	3,122698	0,005078
28,636427	3,056422	0,006354
28,646427	2,985048	0,008906
28,67036	2,812984	0,005078
28,68036	2,732687	0,002526
28,69036	2,648567	0,010181
28,70036	2,559349	0,002526
28,71036	2,470131	0,006354
28,72036	2,384736	0,00763
28,73036	2,305715	0,010181
28,74036	2,227967	0,006354
28,75036	2,15022	0,003802
28,76036	2,075022	0,002526
28,783349	1,896585	0,008906
28,793349	1,822662	0,006354
28,803349	1,744914	0,006354
28,813349	1,677364	0,00763
28,823349	1,612362	0,008906
28,833349	1,548634	0,003802
28,843349	1,496378	0,005078
28,853349	1,437749	0,006354
28,863349	1,385493	0,010181
28,873349	1,328138	0,002526
28,892174	1,235096	0,010181
28,902174	1,176467	0,006354
28,912174	1,12676	0,006354
28,922174	1,071954	0,005078
28,932174	1,020972	0,006354
28,942174	0,976363	0,008906
28,952174	0,922832	0,005078
28,962174	0,870576	0,002526
28,972174	0,817045	0,006354
28,982174	0,772436	0,008906
29,003958	0,652629	0,006354
29,013958	0,605471	0,002526
29,023958	0,558312	0,006354
29,033958	0,502232	0,005078
29,043958	0,449976	0,006354
29,053958	0,39772	0,006354
29,063958	0,34164	0,008906
29,073958	0,295756	0,008906
29,083958	0,239676	0,003802
29,093958	0,187419	0,006354
29,109107	0,127516	0,006354
29,119107	0,081632	0,002526
29,129107	0,034474	0,008906
29,139107	-0,016508	0,006354
29,149107	-0,052195	0,006354
29,159107	-0,101902	0,003802
29,169107	-0,143962	0,008906
29,179107	-0,191121	0,00763
29,189107	-0,222984	0,008906
29,199107	-0,256122	0,008906
29,217267	-0,31985	0,005078
29,227267	-0,344066	0,008906
29,237267	-0,369557	0,006354
29,247267	-0,401421	0,002526
29,257267	-0,420539	0,008906
29,267267	-0,438383	0,006354
29,277267	-0,465148	0,006354
29,287267	-0,482992	0,006354
29,297267	-0,50211	0,006354
29,307267	-0,527601	0,003802
29,3301	-0,564563	0,005078
29,3401	-0,581132	0,008906
29,3501	-0,610446	0,005078
29,3601	-0,62829	0,006354
29,3701	-0,661428	0,006354
29,3801	-0,689468	0,003802
29,3901	-0,720057	0,003802
29,4001	-0,749372	0,006354
29,4101	-0,786334	0,002526
29,4201	-0,823295	0,006354
29,437444	-0,879375	0,008906
29,447444	-0,917612	0,008906
29,457444	-0,957123	0,006354
29,467444	-0,994084	0,008906
29,477444	-1,042517	0,002526
29,487444	-1,087126	0,006354
29,497444	-1,121539	0,006354
29,507444	-1,169972	0,006354
29,517444	-1,223503	0,005078
29,527444	-1,265563	0,002526
29,54607	-1,335663	0,008906
29,55607	-1,367526	0,006354
29,56607	-1,366252	0,010181
29,57607	-1,381546	0,006354
29,58607	-1,38537	0,002526
29,59607	-1,381546	0,010181
29,60607	-1,38537	0,006354
29,61607	-1,381546	0,010181
29,62607	-1,38537	0,006354
29,63607	-1,384095	0,006354
29,666408	-1,384095	0,00763
29,676408	-1,387919	0,006354
29,686408	-1,38537	0,003802
29,696408	-1,382821	0,008906
29,706408	-1,381546	0,010181
29,716408	-1,38537	0,006354
29,726408	-1,381546	0,002526
29,736408	-1,381546	0,002526
29,746408	-1,378997	0,006354
29,756408	-1,384095	0,002526
29,770209	-1,37135	0,006354
29,780209	-1,368801	0,010181
29,790209	-1,366252	0,005078
29,800209	-1,362428	0,010181
29,810209	-1,353506	0,008906
29,820209	-1,352232	0,00763
29,830209	-1,335663	0,006354
29,840209	-1,305074	0,008906
29,850209	-1,283406	0,002526
29,860209	-1,255366	0,002526
29,889168	-1,13301	0,002526
29,899168	-1,084577	0,008906
29,909168	-1,036144	0,006354
29,919168	-0,983888	0,003802
29,929168	-0,92271	0,010181
29,939168	-0,860257	0,006354
29,949168	-0,792706	0,006354
29,959168	-0,718783	0,010181
29,969168	-0,652506	0,00763
29,979168	-0,573484	0,005078
29,992231	-0,461324	0,008906
30,002231	-0,383577	0,008906
30,012231	-0,298182	0,008906
30,022231	-0,208964	0,006354
30,032231	-0,121021	0,002526
30,042231	-0,022881	0,010181
30,052231	0,066338	0,006354
30,062231	0,154281	0,006354
30,072231	0,248598	0,008906
30,082231	0,336541	0,006354
30,101843	0,497134	0,006354
30,111843	0,585078	0,003802
30,121843	0,669198	0,006354
30,131843	0,763514	0,008906
30,141843	0,837438	0,006354
30,151843	0,925382	0,006354
30,161843	1,008227	0,006354
30,171843	1,083425	0,002526
30,181843	1,166271	0,010181
30,191843	1,245292	0,006354
30,213545	1,440298	0,003802
30,223545	1,530791	0,008906
30,233545	1,614911	0,006354
30,243545	1,718149	0,006354
30,253545	1,812465	0,006354
30,263545	1,905507	0,002526
30,273545	2,011295	0,006354
30,283545	2,106885	0,008906
30,293545	2,199927	0,002526
30,303545	2,299342	0,00763
30,32566	2,504544	0,00763
30,33566	2,596311	0,008906
30,34566	2,685529	0,010181
30,35566	2,768375	0,00763
30,36566	2,841024	0,003802
30,37566	2,927693	0,010181
30,38566	2,996518	0,003802
30,39566	3,079364	0,010181
30,40566	3,153288	0,00763
30,41566	3,232309	0,008906
30,445467	3,443884	0,011457
30,455467	3,513984	0,006354
30,465467	3,598104	0,006354
30,475467	3,6784	0,006354
30,485467	3,76252	0,008906
30,495467	3,837719	0,006354
30,505467	3,925662	0,008906
30,515467	4,000861	0,003802
30,525467	4,086255	0,006354
30,535467	4,15763	0,006354
30,558668	4,33989	0,008906
30,568668	4,40999	0,002526
30,578668	4,482639	0,008906
30,588668	4,552739	0,006354
30,598668	4,622839	0,006354
30,608668	4,692939	0,008906
30,618668	4,763039	0,005078
30,628668	4,833139	0,00763
30,638668	4,898141	0,008906
30,648668	4,959319	0,006354
30,667471	5,084224	0,008906
30,677471	5,145403	0,003802
30,687471	5,218052	0,003802
30,697471	5,289426	0,006354
30,707471	5,356977	0,006354
30,717471	5,428352	0,002526
30,727471	5,508648	0,003802
30,737471	5,582572	0,003802
30,747471	5,662868	0,00763
30,757471	5,745714	0,010181
30,773139	5,856599	0,006354
30,783139	5,935621	0,006354
30,793139	6,009545	0,005078
30,803139	6,088567	0,002526
30,813139	6,165039	0,008906
30,823139	6,238963	0,006354
30,833139	6,310338	0,010181
30,843139	6,375339	0,002526
30,853139	6,444165	0,010181
30,863139	6,500245	0,002526
30,886635	6,648092	0,008906
30,896635	6,702898	0,006354
30,906635	6,753879	0,00763
30,916635	6,816332	0,006354
30,926635	6,867314	0,008906
30,936635	6,909374	0,003802
30,946635	6,953983	0,00763
30,956635	7,00369	0,010181
30,966635	7,039378	0,008906
30,976635	7,069967	0,006354
30,999149	7,163009	0,008906
31,009149	7,198696	0,006354
31,019149	7,24458	0,006354
31,029149	7,282816	0,006354
31,039149	7,323601	0,008906
31,049149	7,355465	0,003802
31,059149	7,389878	0,006354
31,069149	7,428114	0,006354
31,079149	7,471449	0,006354
31,089149	7,51096	0,002526
31,107638	7,604001	0,008906
31,117638	7,647336	0,008906
31,127638	7,697043	0,002526
31,137638	7,746751	0,008906
31,147638	7,796458	0,005078
31,157638	7,834694	0,005078
31,167638	7,867832	0,002526
31,177638	7,91754	0,006354
31,187638	7,965973	0,005078
31,197638	8,014405	0,006354
31,220783	8,116369	0,008906
31,230783	8,148233	0,002526
31,240783	8,190293	0,002526
31,250783	8,224705	0,006354
31,260783	8,255294	0,006354
31,270783	8,276962	0,006354
31,280783	8,311374	0,006354
31,290783	8,339414	0,008906
31,300783	8,367454	0,006354
31,310783	8,40824	0,006354
31,340243	8,501282	0,006354
31,350243	8,522949	0,006354
31,360243	8,539518	0,006354
31,370243	8,542067	0,006354
31,380243	8,538244	0,006354
31,390243	8,543342	0,008906
31,400243	8,545891	0,00763
31,410243	8,567558	0,008906
31,420243	8,584127	0,005078
31,430243	8,595598	0,008906
31,454378	8,5905	0,006354
31,464378	8,593049	0,006354
31,474378	8,5905	0,002526
31,484378	8,593049	0,006354
31,494378	8,5905	0,006354
31,504378	8,591774	0,006354
31,514378	8,5905	0,005078
31,524378	8,587951	0,002526
31,534378	8,591774	0,003802
31,544378	8,591774	0,001251
31,563255	8,594324	0,008906
31,573255	8,593049	0,008906
31,583255	8,594324	0,005078
31,593255	8,5905	0,008906
31,603255	8,595598	0,006354
31,613255	8,591774	0,006354
31,623255	8,5905	0,005078
31,633255	8,5905	0,005078
31,643255	8,594324	0,006354
31,653255	8,594324	0,006354
31,684345	8,589225	0,003802
31,694345	8,580304	0,002526
31,704345	8,545891	0,006354
31,714345	8,496184	0,006354
31,724345	8,438829	0,006354
31,734345	8,390396	0,002526
31,744345	8,333042	0,006354
31,754345	8,276962	0,008906
31,764345	8,220882	0,006354
31,774345	8,163527	0,003802
31,797252	8,0297	0,008906
31,807252	7,962149	0,006354
31,817252	7,892049	0,002526
31,827252	7,820674	0,006354
31,837252	7,741652	0,008906
31,847252	7,6792	0,008906
31,857252	7,604001	0,006354
31,867252	7,544098	0,005078
31,877252	7,486743	0,006354
31,887252	7,424291	0,006354
31,910013	7,281541	0,006354
31,920013	7,210167	0,006354
31,930013	7,145165	0,010181
31,940013	7,075065	0,006354
31,950013	7,004965	0,006354
31,960013	6,932316	0,006354
31,970013	6,867314	0,005078
31,980013	6,798489	0,006354
31,990013	6,720741	0,008906
32,000013	6,645543	0,006354
32,014447	6,543579	0,006354
32,024447	6,467107	0,010181
32,034447	6,388085	0,002526
32,044447	6,306514	0,00763
32,054447	6,226217	0,006354
32,064447	6,147196	0,003802
32,074447	6,066899	0,006354
32,084447	5,984054	0,006354
32,094447	5,901208	0,005078
32,104447	5,814539	0,006354
32,126569	5,605514	0,006354
32,136569	5,518845	0,002526
32,146569	5,43345	0,002526
32,156569	5,342957	0,002526
32,166569	5,253739	0,006354
32,176569	5,164521	0,006354
32,186569	5,076577	0,010181
32,196569	4,982261	0,008906
32,206569	4,884121	0,006354
32,216569	4,793628	0,006354
32,239741	4,599897	0,006354
32,249741	4,518326	0,010181
32,259741	4,441853	0,00763
32,269741	4,362832	0,006354
32,279741	4,279986	0,006354
32,289741	4,197141	0,005078
32,299741	4,11557	0,006354
32,309741	4,040371	0,003802
32,319741	3,96135	0,008906
32,329741	3,884877	0,008906
32,358729	3,649086	0,005078
32,368729	3,58026	0,008906
32,378729	3,506337	0,005078
32,388729	3,44006	0,002526
32,398729	3,373784	0,008906
32,408729	3,307508	0,001251
32,418729	3,248878	0,008906
32,428729	3,186426	0,006354
32,438729	3,122698	0,006354
32,448729	3,062795	0,003802
32,477177	2,880535	0,005078
32,487177	2,80916	0,006354
32,497177	2,730138	0,001251
32,507177	2,65494	0,006354
32,517177	2,568271	0,006354
32,527177	2,4867	0,002526
32,537177	2,400031	0,002526
32,547177	2,319735	0,005078
32,557177	2,243262	0,008906
32,567177	2,16424	0,006354
32,590335	1,964136	0,008906
32,600335	1,865996	0,008906
32,610335	1,77168	0,002526
32,620335	1,677364	0,003802
32,630335	1,58942	0,006354
32,640335	1,518045	0,008906
32,650335	1,439023	0,002526
32,660335	1,361276	0,006354
32,670335	1,300098	0,005078
32,680335	1,240194	0,006354
32,702314	1,085974	0,010181
32,712314	1,0146	0,006354
32,722314	0,941951	0,008906
32,732314	0,865478	0,010181
32,742314	0,800476	0,006354
32,752314	0,730376	0,010181
32,762314	0,653903	0,005078
32,772314	0,597823	0,002526
32,782314	0,526449	0,008906
32,792314	0,448701	0,002526
32,811796	0,332718	0,008906
32,821796	0,260069	0,005078
32,831796	0,200165	0,002526
32,841796	0,136438	0,006354
32,851796	0,075259	0,006354
32,861796	0,01663	0,010181
32,871796	-0,045822	0,006354
32,881796	-0,099353	0,005078
32,891796	-0,157982	0,002526
32,901796	-0,203866	0,010181
32,925382	-0,304555	0,008906
32,935382	-0,350439	0,006354
32,945382	-0,387401	0,010181
32,955382	-0,425637	0,002526
32,965382	-0,462599	0,003802
32,975382	-0,505933	0,003802
32,985382	-0,539072	0,00763
32,995382	-0,570935	0,006354
33,005382	-0,602799	0,006354
33,015382	-0,632113	0,002526
33,046183	-0,700939	0,006354
33,056183	-0,720057	0,008906
33,066183	-0,746823	0,002526
33,076183	-0,763392	0,006354
33,086183	-0,783784	0,008906
33,096183	-0,808001	0,003802
33,106183	-0,830943	0,006354
33,116183	-0,843688	0,006354
33,126183	-0,860257	0,006354
33,136183	-0,874277	0,00763
33,159017	-0,907415	0,006354
33,169017	-0,916337	0,006354
33,179017	-0,929083	0,003802
33,189017	-0,943103	0,005078
33,199017	-0,957123	0,008906
33,209017	-0,977515	0,006354
33,219017	-0,99281	0,003802
33,229017	-1,014477	0,006354
33,239017	-1,033595	0,003802
33,249017	-1,053988	0,003802
33,27302	-1,106245	0,006354
33,28302	-1,127912	0,008906
33,29302	-1,154677	0,006354
33,30302	-1,181443	0,006354
33,31302	-1,206934	0,003802
33,32302	-1,232425	0,005078
33,33302	-1,263014	0,002526
33,34302	-1,285955	0,00763
33,35302	-1,310172	0,005078
33,36302	-1,330565	0,003802
33,386094	-1,349683	0,008906
33,396094	-1,354781	0,006354
33,406094	-1,361154	0,006354
33,416094	-1,363703	0,006354
33,426094	-1,363703	0,008906
33,436094	-1,361154	0,006354
33,446094	-1,362428	0,006354
33,456094	-1,366252	0,002526
33,466094	-1,359879	0,00763
33,476094	-1,361154	0,006354
33,494829	-1,363703	0,005078
33,504829	-1,366252	0,003802
33,514829	-1,363703	0,002526
33,524829	-1,362428	0,00763
33,534829	-1,361154	0,008906
33,544829	-1,366252	0,003802
33,554829	-1,359879	0,006354
33,564829	-1,362428	0,006354
33,574829	-1,356055	0,00763
33,584829	-1,362428	0,003802
33,608541	-1,361154	0,006354
33,618541	-1,361154	0,002526
33,628541	-1,350957	0,008906
33,638541	-1,348408	0,003802
33,648541	-1,344585	0,008906
33,658541	-1,345859	0,003802
33,668541	-1,338212	0,006354
33,678541	-1,326741	0,006354
33,688541	-1,320368	0,003802
33,698541	-1,311446	0,006354
33,721829	-1,279583	0,002526
33,731829	-1,264288	0,006354
33,741829	-1,234974	0,006354
33,751829	-1,200561	0,006354
33,761829	-1,176345	0,00763
33,771829	-1,141932	0,006354
33,781829	-1,111343	0,006354
33,791829	-1,078204	0,00763
33,801829	-1,028497	0,003802
33,811829	-0,983888	0,002526
33,833821	-0,861532	0,006354
33,843821	-0,813099	0,00763
33,853821	-0,760843	0,006354
33,863821	-0,699664	0,010181
33,873821	-0,643584	0,008906
33,883821	-0,583681	0,006354
33,893821	-0,521228	0,005078
33,903821	-0,454952	0,003802
33,913821	-0,384852	0,008906
33,923821	-0,322399	0,006354
33,95209	-0,117197	0,006354
33,96209	-0,03945	0,006354
33,97209	0,039572	0,005078
33,98209	0,11477	0,006354
33,99209	0,191243	0,010181
34,00209	0,26899	0,006354
34,01209	0,346738	0,002526
34,02209	0,418112	0,005078
34,03209	0,499683	0,010181
34,04209	0,578705	0,006354
34,059962	0,726552	0,006354
34,069962	0,808123	0,006354
34,079962	0,88842	0,003802
34,089962	0,973814	0,005078
34,099962	1,068131	0,008906
34,109962	1,161172	0,006354
34,119962	1,247842	0,006354
34,129962	1,340883	0,008906
34,139962	1,4352	0,006354
34,149962	1,526967	0,003802
34,172902	1,752562	0,010181
34,182902	1,860898	0,003802
34,192902	1,965411	0,010181
34,202902	2,061002	0,002526
34,212902	2,16424	0,008906
34,222902	2,254733	0,003802
34,232902	2,349049	0,002526
34,242902	2,438267	0,006354
34,252902	2,532584	0,003802
34,262902	2,620527	0,006354
34,28508	2,816807	0,006354
34,29508	2,89328	0,008906
34,30508	2,969753	0,006354
34,31508	3,051324	0,008906
34,32508	3,116326	0,00763
34,33508	3,202995	0,008906
34,34508	3,276919	0,010181
34,35508	3,352117	0,002526
34,36508	3,434962	0,00763
34,37508	3,525455	0,00763
34,393923	3,693695	0,006354
34,403923	3,781639	0,008906
34,413923	3,875955	0,010181
34,423923	3,971546	0,008906
34,433923	4,055666	0,006354
34,443923	4,139786	0,006354
34,453923	4,226455	0,008906
34,463923	4,302928	0,001251
34,473923	4,393421	0,008906
34,483923	4,472442	0,002526
34,515212	4,720979	0,006354
34,525212	4,800001	0,010181
34,535212	4,868826	0,00763
34,545212	4,930004	0,005078
34,555212	4,99883	0,010181
34,565212	5,063832	0,005078
34,575212	5,133932	0,002526
34,585212	5,201483	0,002526
34,595212	5,269034	0,006354
34,605212	5,337859	0,00763
34,618847	5,441097	0,010181
34,628847	5,498452	0,002526
34,638847	5,558355	0,002526
34,648847	5,616985	0,008906
34,658847	5,681986	0,006354
34,668847	5,739341	0,002526
34,678847	5,799245	0,008906
34,688847	5,860423	0,006354
34,698847	5,912679	0,006354
34,708847	5,978956	0,010181
34,728621	6,086017	0,008906
34,738621	6,138274	0,006354
34,748621	6,187981	0,003802
34,758621	6,242787	0,005078
34,768621	6,286121	0,002526
34,778621	6,34475	0,010181
34,788621	6,389359	0,002526
34,798621	6,440341	0,006354
34,808621	6,491323	0,005078
34,818621	6,543579	0,008906
34,841946	6,654465	0,006354
34,851946	6,700349	0,008906
34,861946	6,738585	0,006354
34,871946	6,776821	0,006354
34,881946	6,817607	0,008906
34,891946	6,852019	0,00763
34,901946	6,887707	0,008906
34,911946	6,91957	0,006354
34,921946	6,953983	0,006354
34,931946	6,980749	0,00763
34,954942	7,040652	0,003802
34,964942	7,063594	0,003802
34,974942	7,09036	0,010181
34,984942	7,109478	0,006354
34,994942	7,12987	0,003802
35,004942	7,152812	0,003802
35,014942	7,17193	0,006354
35,024942	7,19997	0,006354
35,034942	7,215265	0,002526
35,044942	7,229285	0,002526
35,063435	7,257325	0,006354
35,073435	7,27262	0,010181
35,083435	7,282816	0,008906
35,093435	7,291738	0,005078
35,103435	7,30066	0,002526
35,113435	7,318503	0,005078
35,123435	7,326151	0,003802
35,133435	7,341445	0,002526
35,143435	7,35674	0,006354
35,153435	7,374583	0,006354
35,183943	7,435761	0,008906
35,193943	7,461252	0,010181
35,203943	7,489292	0,002526
35,213943	7,521156	0,003802
35,223943	7,560667	0,005078
35,233943	7,59508	0,006354
35,243943	7,629492	0,002526
35,253943	7,669003	0,008906
35,263943	7,69322	0,006354
35,273943	7,722534	0,002526
35,303791	7,813027	0,005078
35,313791	7,824498	0,002526
35,323791	7,844891	0,006354
35,333791	7,853812	0,008906
35,343791	7,846165	0,002526
35,353791	7,849989	0,001251
35,363791	7,851263	0,006354
35,373791	7,855087	0,005078
35,383791	7,856362	0,010181
35,393791	7,865283	0,005078
35,410051	7,880578	0,002526
35,420051	7,895872	0,005078
35,430051	7,906069	0,002526
35,440051	7,916265	0,008906
35,450051	7,929011	0,00763
35,460051	7,941756	0,006354
35,470051	7,954502	0,002526
35,480051	7,972345	0,003802
35,490051	7,995287	0,010181
35,500051	8,014405	0,008906
35,517428	8,055191	0,006354
35,527428	8,081956	0,008906
35,537428	8,095976	0,005078
35,547428	8,11382	0,006354
35,557428	8,136762	0,006354
35,567428	8,14186	0,006354
35,577428	8,154605	0,003802
35,587428	8,166076	0,008906
35,597428	8,180096	0,003802
35,607428	8,191567	0,008906
35,620555	8,21196	0,008906
35,630555	8,218333	0,005078
35,640555	8,228529	0,006354
35,650555	8,232353	0,006354
35,660555	8,243823	0,006354
35,670555	8,256569	0,006354
35,680555	8,276962	0,006354
35,690555	8,299903	0,006354
35,700555	8,326669	0,002526
35,710555	8,363631	0,005078
35,74023	8,433731	0,003802
35,75023	8,455398	0,006354
35,76023	8,470693	0,008906
35,77023	8,473242	0,006354
35,78023	8,474516	0,003802
35,79023	8,479614	0,010181
35,80023	8,473242	0,006354
35,81023	8,477065	0,002526
35,82023	8,483438	0,008906
35,83023	8,483438	0,006354
35,861157	8,512753	0,010181
35,871157	8,519125	0,008906
35,881157	8,526773	0,006354
35,891157	8,539518	0,006354
35,901157	8,561185	0,006354
35,911157	8,57648	0,003802
35,921157	8,591774	0,008906
35,931157	8,594324	0,006354
35,941157	8,587951	0,006354
35,951157	8,594324	0,006354
35,969361	8,595598	0,008906
35,979361	8,587951	0,003802
35,989361	8,594324	0,008906
35,999361	8,591774	0,006354
36,009361	8,587951	0,003802
36,019361	8,5905	0,003802
36,029361	8,589225	0,003802
36,039361	8,586676	0,006354
36,049361	8,594324	0,00763
36,059361	8,589225	0,003802
36,077205	8,5905	0,006354
36,087205	8,591774	0,008906
36,097205	8,5905	0,006354
36,107205	8,591774	0,008906
36,117205	8,591774	0,005078
36,127205	8,591774	0,008906
36,137205	8,591774	0,003802
36,147205	8,587951	0,002526
36,157205	8,577754	0,006354
36,167205	8,547165	0,002526
36,189495	8,468144	0,008906
36,199495	8,419711	0,002526
36,209495	8,371278	0,006354
36,219495	8,334316	0,006354
36,229495	8,283334	0,006354
36,239495	8,233627	0,008906
36,249495	8,18392	0,006354
36,259495	8,117643	0,002526
36,269495	8,056465	0,006354
36,279495	7,996562	0,006354
36,30226	7,857636	0,006354
36,31226	7,811752	0,006354
36,32226	7,756947	0,008906
36,33226	7,708514	0,008906
36,34226	7,666454	0,00763
36,35226	7,629492	0,008906
36,36226	7,578511	0,008906
36,37226	7,522431	0,006354
36,38226	7,475272	0,001251
36,39226	7,425565	0,006354
36,410368	7,331249	0,006354
36,420368	7,280267	0,006354
36,430368	7,231834	0,008906
36,440368	7,179578	0,006354
36,450368	7,12987	0,00763
36,460368	7,072516	0,008906
36,470368	7,012612	0,005078
36,480368	6,94761	0,006354
36,490368	6,882609	0,008906
36,500368	6,815058	0,010181
36,521794	6,646818	0,010181
36,531794	6,567796	0,008906
36,541794	6,491323	0,002526
36,551794	6,418674	0,002526
36,561794	6,342201	0,006354
36,571794	6,26063	0,006354
36,581794	6,181608	0,008906
36,591794	6,101312	0,005078
36,601794	6,012094	0,002526
36,611794	5,930523	0,006354
36,640512	5,739341	0,00763
36,650512	5,662868	0,006354
36,660512	5,600415	0,002526
36,670512	5,534139	0,006354
36,680512	5,470412	0,002526
36,690512	5,407959	0,001251
36,700512	5,350605	0,003802
36,710512	5,286877	0,002526
36,720512	5,219326	0,003802
36,730512	5,156874	0,002526
36,761631	4,937652	0,002526
36,771631	4,862453	0,005078
36,781631	4,784706	0,006354
36,791631	4,699312	0,010181
36,801631	4,619015	0,006354
36,811631	4,531072	0,002526
36,821631	4,446952	0,003802
36,831631	4,366655	0,006354
36,841631	4,287633	0,006354
36,851631	4,212435	0,008906
36,880371	3,980468	0,006354
36,890371	3,906544	0,010181
36,900371	3,83262	0,006354
36,910371	3,759971	0,006354
36,920371	3,68095	0,006354
36,930371	3,605751	0,005078
36,940371	3,529279	0,006354
36,950371	3,456629	0,002526
36,960371	3,389079	0,006354
36,970371	3,315155	0,006354
36,992762	3,160935	0,010181
37,002762	3,084462	0,006354
37,012762	3,010538	0,005078
37,022762	2,936615	0,006354
37,032762	2,853769	0,006354
37,042762	2,778571	0,006354
37,052762	2,703373	0,006354
37,062762	2,624351	0,006354
37,072762	2,550427	0,010181
37,082762	2,484151	0,006354
37,100755	2,350324	0,006354
37,110755	2,281498	0,006354
37,120755	2,210124	0,002526
37,130755	2,137475	0,003802
37,140755	2,069924	0,002526
37,150755	1,999824	0,006354
37,160755	1,934822	0,005078
37,170755	1,857074	0,006354
37,180755	1,788249	0,006354
37,190755	1,716874	0,00763
37,214577	1,566478	0,008906
37,224577	1,501476	0,002526
37,234577	1,441573	0,010181
37,244577	1,376571	0,008906
37,254577	1,315393	0,006354
37,264577	1,255489	0,005078
37,274577	1,193036	0,003802
37,284577	1,131858	0,002526
37,294577	1,071954	0,002526
37,304577	1,012051	0,00763
37,328262	0,870576	0,006354
37,338262	0,817045	0,010181
37,348262	0,766063	0,005078
37,358262	0,704885	0,008906
37,368262	0,646256	0,006354
37,378262	0,600372	0,006354
37,388262	0,544292	0,006354
37,398262	0,488212	0,008906
37,408262	0,429583	0,006354
37,418262	0,370954	0,006354
37,437	0,25752	0,008906
37,447	0,195067	0,006354
37,457	0,133889	0,008906
37,467	0,076534	0,008906
37,477	0,015356	0,006354
37,487	-0,045822	0,003802
37,497	-0,09553	0,006354
37,507	-0,159257	0,003802
37,517	-0,215337	0,006354
37,527	-0,273966	0,008906
37,550727	-0,388675	0,008906
37,560727	-0,434559	0,005078
37,570727	-0,47407	0,010181
37,580727	-0,51613	0,005078
37,590727	-0,547993	0,008906
37,600727	-0,582406	0,010181
37,610727	-0,615544	0,008906
37,620727	-0,647408	0,006354
37,630727	-0,676723	0,010181
37,640727	-0,702213	0,006354
37,660565	-0,744273	0,008906
37,670565	-0,765941	0,008906
37,680565	-0,786334	0,006354
37,690565	-0,801628	0,002526
37,700565	-0,816923	0,008906
37,710565	-0,842414	0,006354
37,720565	-0,860257	0,008906
37,730565	-0,881924	0,008906
37,740565	-0,904866	0,003802
37,750565	-0,92271	0,003802
37,770306	-0,966044	0,002526
37,780306	-0,986437	0,003802
37,790306	-1,00683	0,006354
37,800306	-1,031046	0,006354
37,810306	-1,04889	0,006354
37,820306	-1,066734	0,002526
37,830306	-1,082028	0,008906
37,840306	-1,101146	0,008906
37,850306	-1,115166	0,006354
37,860306	-1,141932	0,006354
37,884267	-1,206934	0,006354
37,894267	-1,236248	0,006354
37,904267	-1,274485	0,003802
37,914267	-1,30125	0,010181
37,924267	-1,333114	0,006354
37,934267	-1,35733	0,006354
37,944267	-1,356055	0,008906
37,954267	-1,361154	0,006354
37,964267	-1,368801	0,006354
37,974267	-1,376448	0,005078
37,988928	-1,381546	0,006354
37,998928	-1,381546	0,010181
38,008928	-1,381546	0,006354
38,018928	-1,384095	0,006354
38,028928	-1,381546	0,008906
38,038928	-1,384095	0,002526
38,048928	-1,384095	0,006354
38,058928	-1,381546	0,008906
38,068928	-1,38537	0,008906
38,078928	-1,384095	0,006354
38,097616	-1,387919	0,003802
38,107616	-1,381546	0,008906
38,117616	-1,38537	0,002526
38,127616	-1,378997	0,010181
38,137616	-1,382821	0,006354
38,147616	-1,381546	0,006354
38,157616	-1,381546	0,006354
38,167616	-1,380272	0,010181
38,177616	-1,378997	0,002526
38,187616	-1,376448	0,006354
38,204295	-1,367526	0,010181
38,214295	-1,370075	0,006354
38,224295	-1,362428	0,008906
38,234295	-1,366252	0,005078
38,244295	-1,359879	0,006354
38,254295	-1,350957	0,003802
38,264295	-1,342035	0,008906
38,274295	-1,325466	0,002526
38,284295	-1,306348	0,002526
38,294295	-1,283406	0,008906
38,313891	-1,237523	0,006354
38,323891	-1,209483	0,005078
38,333891	-1,180168	0,002526
38,343891	-1,149579	0,002526
38,353891	-1,116441	0,008906
38,363891	-1,078204	0,008906
38,373891	-1,039968	0,002526
38,383891	-0,99281	0,005078
38,393891	-0,944377	0,008906
38,403891	-0,898494	0,006354
38,423665	-0,806726	0,00763
38,433665	-0,755744	0,005078
38,443665	-0,694566	0,010181
38,453665	-0,637212	0,006354
38,463665	-0,578583	0,003802
38,473665	-0,512306	0,010181
38,483665	-0,444755	0,002526
38,493665	-0,367008	0,006354
38,503665	-0,295633	0,006354
38,513665	-0,216612	0,002526
38,535698	-0,021606	0,008906
38,545698	0,056141	0,010181
38,555698	0,132614	0,002526
38,565698	0,207812	0,006354
38,575698	0,293207	0,006354
38,585698	0,36968	0,005078
38,595698	0,446152	0,010181
38,605698	0,520076	0,005078
38,615698	0,599098	0,005078
38,625698	0,670472	0,010181
38,647715	0,827241	0,002526
38,657715	0,899891	0,010181
38,667715	0,966167	0,006354
38,677715	1,033718	0,003802
38,687715	1,097445	0,002526
38,697715	1,164996	0,006354
38,707715	1,236371	0,008906
38,717715	1,302647	0,008906
38,727715	1,368923	0,006354
38,737715	1,437749	0,002526
38,759027	1,586871	0,010181
38,769027	1,65952	0,003802
38,779027	1,732169	0,003802
38,789027	1,807367	0,006354
38,799027	1,890213	0,006354
38,809027	1,961587	0,002526
38,819027	2,034236	0,002526
38,829027	2,109435	0,006354
38,839027	2,176985	0,010181
38,849027	2,243262	0,003802
38,873036	2,400031	0,006354
38,883036	2,465033	0,005078
38,893036	2,526211	0,005078
38,903036	2,579742	0,003802
38,913036	2,643469	0,003802
38,923036	2,703373	0,006354
38,933036	2,759453	0,006354
38,943036	2,815533	0,006354
38,953036	2,875437	0,008906
38,963036	2,926418	0,006354
38,981978	3,037304	0,006354
38,991978	3,094658	0,002526
39,001978	3,150738	0,008906
39,011978	3,210642	0,005078
39,021978	3,264173	0,005078
39,031978	3,318979	0,006354
39,041978	3,373784	0,002526
39,051978	3,431139	0,003802
39,061978	3,49614	0,006354
39,071978	3,556044	0,002526
39,095416	3,707715	0,002526
39,105416	3,775266	0,008906
39,115416	3,838993	0,006354
39,125416	3,90527	0,006354
39,135416	3,977919	0,008906
39,145416	4,049293	0,008906
39,155416	4,113021	0,006354
39,165416	4,175473	0,003802
39,175416	4,250671	0,010181
39,185416	4,316948	0,00763
39,201869	4,431657	0,00763
39,211869	4,49411	0,006354
39,221869	4,56421	0,006354
39,231869	4,621564	0,003802
39,241869	4,682743	0,002526
39,251869	4,74647	0,002526
39,261869	4,80255	0,006354
39,271869	4,870101	0,002526
39,281869	4,918533	0,006354
39,291869	4,979712	0,003802
39,311393	5,089323	0,005078
39,321393	5,150501	0,006354
39,331393	5,212954	0,006354
39,341393	5,269034	0,00763
39,351393	5,330212	0,005078
39,361393	5,385017	0,006354
39,371393	5,446195	0,005078
39,381393	5,507374	0,008906
39,391393	5,576199	0,006354
39,401393	5,646299	0,005078
39,424739	5,800519	0,003802
39,434739	5,871894	0,003802
39,444739	5,934346	0,006354
39,454739	6,003172	0,006354
39,464739	6,061801	0,006354
39,474739	6,125528	0,006354
39,484739	6,184157	0,008906
39,494739	6,241512	0,005078
39,504739	6,306514	0,006354
39,514739	6,365143	0,006354
39,537694	6,488774	0,00763
39,547694	6,539756	0,002526
39,557694	6,594561	0,008906
39,567694	6,642994	0,002526
39,577694	6,699074	0,006354
39,587694	6,752605	0,005078
39,597694	6,801038	0,00763
39,607694	6,844372	0,006354
39,617694	6,894079	0,006354
39,627694	6,932316	0,008906
39,646063	7,016436	0,006354
39,656063	7,057221	0,003802
39,666063	7,099281	0,008906
39,676063	7,142616	0,003802
39,686063	7,192323	0,010181
39,696063	7,229285	0,003802
39,706063	7,276443	0,006354
39,716063	7,310856	0,006354
39,726063	7,351641	0,003802
39,736063	7,38478	0,008906
39,750348	7,431938	0,008906
39,760348	7,465076	0,005078
39,770348	7,514783	0,006354
39,780348	7,559392	0,010181
39,790348	7,604001	0,006354
39,800348	7,65116	0,010181
39,810348	7,695769	0,002526
39,820348	7,731456	0,002526
39,830348	7,770967	0,008906
39,840348	7,811752	0,008906
39,867751	7,876754	0,006354
39,877751	7,907343	0,003802
39,887751	7,94558	0,006354
39,897751	7,967247	0,006354
39,907751	7,999111	0,006354
39,917751	8,0297	0,006354
39,927751	8,055191	0,006354
39,937751	8,084505	0,006354
39,947751	8,109996	0,005078
39,957751	8,130389	0,003802
39,987592	8,21196	0,008906
39,997592	8,234902	0,002526
40,007592	8,269314	0,006354
40,017592	8,297354	0,008906
40,027592	8,32412	0,002526
40,037592	8,345787	0,006354
40,047592	8,377651	0,006354
40,057592	8,392945	0,003802
40,067592	8,415887	0,006354
40,077592	8,433731	0,002526
40,095429	8,461771	0,006354
40,105429	8,480889	0,002526
40,115429	8,500007	0,003802
40,125429	8,511478	0,008906
40,135429	8,5204	0,002526
40,145429	8,528047	0,010181
40,155429	8,531871	0,002526
40,165429	8,533145	0,002526
40,175429	8,542067	0,006354
40,185429	8,54844	0,006354
40,20481	8,567558	0,006354
40,21481	8,573931	0,006354
40,22481	8,579029	0,003802
40,23481	8,587951	0,006354
40,24481	8,591774	0,008906
40,25481	8,595598	0,006354
40,26481	8,591774	0,008906
40,27481	8,591774	0,006354
40,28481	8,593049	0,008906
40,29481	8,5905	0,003802
40,310604	8,5905	0,006354
40,320604	8,594324	0,006354
40,330604	8,594324	0,006354
40,340604	8,5905	0,001251
40,350604	8,589225	0,006354
40,360604	8,589225	0,006354
40,370604	8,594324	0,010181
40,380604	8,5905	0,006354
40,390604	8,587951	0,006354
40,400604	8,593049	0,010181
40,431435	8,5905	0,006354
40,441435	8,5905	0,006354
40,451435	8,5905	0,008906
40,461435	8,593049	0,010181
40,471435	8,5905	0,008906
40,481435	8,586676	0,002526
40,491435	8,594324	0,006354
40,501435	8,587951	0,006354
40,511435	8,591774	0,003802
40,521435	8,5905	0,006354
40,548724	8,587951	0,001251
40,558724	8,585402	0,008906
40,568724	8,566284	0,002526
40,578724	8,550989	0,006354
40,588724	8,524224	0,003802
40,598724	8,496184	0,006354
40,608724	8,466869	0,008906
40,618724	8,432456	0,008906
40,628724	8,401867	0,006354
40,638724	8,362356	0,002526
40,6623	8,276962	0,00763
40,6723	8,223431	0,002526
40,6823	8,18392	0,008906
40,6923	8,124016	0,002526
40,7023	8,064113	0,006354
40,7123	8,005483	0,006354
40,7223	7,944305	0,008906
40,7323	7,874205	0,002526
40,7423	7,815576	0,005078
40,7523	7,758222	0,008906
40,770872	7,652434	0,008906
40,780872	7,597629	0,006354
40,790872	7,545372	0,006354
40,800872	7,489292	0,006354
40,810872	7,425565	0,008906
40,820872	7,360563	0,005078
40,830872	7,30066	0,00763
40,840872	7,240756	0,00763
40,850872	7,183401	0,003802
40,860872	7,136243	0,003802
40,888275	6,999867	0,006354
40,898275	6,945061	0,002526
40,908275	6,886432	0,00763
40,918275	6,834176	0,010181
40,928275	6,766625	0,006354
40,938275	6,69525	0,002526
40,948275	6,628974	0,006354
40,958275	6,565247	0,006354
40,968275	6,497696	0,005078
40,978275	6,432694	0,003802
41,00529	6,270827	0,010181
41,01529	6,20455	0,008906
41,02529	6,138274	0,006354
41,03529	6,065625	0,005078
41,04529	5,996799	0,002526
41,05529	5,925425	0,008906
41,06529	5,846403	0,002526
41,07529	5,781401	0,006354
41,08529	5,711301	0,006354
41,09529	5,65777	0,006354
41,124744	5,485706	0,003802
41,134744	5,432175	0,006354
41,144744	5,383743	0,010181
41,154744	5,331486	0,005078
41,164744	5,27923	0,002526
41,174744	5,233346	0,008906
41,184744	5,187463	0,006354
41,194744	5,133932	0,002526
41,204744	5,090597	0,008906
41,214744	5,034517	0,002526
41,241402	4,894317	0,002526
41,251402	4,842061	0,002526
41,261402	4,780883	0,006354
41,271402	4,722253	0,006354
41,281402	4,663624	0,006354
41,291402	4,607544	0,002526
41,301402	4,539993	0,006354
41,311402	4,482639	0,002526
41,321402	4,422735	0,006354
41,331402	4,352635	0,008906
41,353794	4,216259	0,008906
41,363794	4,146159	0,008906
41,373794	4,079882	0,008906
41,383794	4,011057	0,008906
41,393794	3,937133	0,006354
41,403794	3,864484	0,002526
41,413794	3,794384	0,006354
41,423794	3,728108	0,00763
41,433794	3,658008	0,006354
41,443794	3,591731	0,002526
41,459499	3,502513	0,008906
41,469499	3,445159	0,008906
41,479499	3,381431	0,00763
41,489499	3,325351	0,008906
41,499499	3,265448	0,006354
41,509499	3,202995	0,003802
41,519499	3,149464	0,006354
41,529499	3,092109	0,00763
41,539499	3,034755	0,008906
41,549499	2,9774	0,008906
41,572619	2,834651	0,005078
41,582619	2,776022	0,006354
41,592619	2,712295	0,005078
41,602619	2,644744	0,003802
41,612619	2,583566	0,008906
41,622619	2,522387	0,005078
41,632619	2,463758	0,006354
41,642619	2,400031	0,003802
41,652619	2,337578	0,003802
41,662619	2,272576	0,002526
41,68459	2,134925	0,008906
41,69459	2,064825	0,008906
41,70459	2,001098	0,005078
41,71459	1,942469	0,002526
41,72459	1,887664	0,002526
41,73459	1,840505	0,006354
41,74459	1,794622	0,008906
41,75459	1,747464	0,010181
41,76459	1,702854	0,006354
41,77459	1,664618	0,002526
41,799162	1,5754	0,006354
41,809162	1,538438	0,006354
41,819162	1,506574	0,006354
41,829162	1,473436	0,003802
41,839162	1,439023	0,005078
41,849162	1,403336	0,006354
41,859162	1,372747	0,008906
41,869162	1,343433	0,006354
41,879162	1,315393	0,006354
41,889162	1,282254	0,002526
41,91694	1,198134	0,010181
41,92694	1,158623	0,005078
41,93694	1,122936	0,008906
41,94694	1,079602	0,011457
41,95694	1,043914	0,008906
41,96694	1,001854	0,008906
41,97694	0,955971	0,003802
41,98694	0,91646	0,005078
41,99694	0,875674	0,006354
42,00694	0,837438	0,008906
42,022544	0,774985	0,002526
42,032544	0,736749	0,006354
42,042544	0,690865	0,008906
42,052544	0,644981	0,005078
42,062544	0,611843	0,008906
42,072544	0,569783	0,005078
42,082544	0,522625	0,006354
42,092544	0,48184	0,006354
42,102544	0,442329	0,008906
42,112544	0,398994	0,008906
42,126448	0,333992	0,003802
42,136448	0,302129	0,006354
42,146448	0,258794	0,006354
42,156448	0,219283	0,006354
42,166448	0,177223	0,003802
42,176448	0,137712	0,002526
42,186448	0,104574	0,002526
42,196448	0,065063	0,003802
42,206448	0,029376	0,006354
42,216448	-0,006311	0,006354
42,239564	-0,06749	0,006354
42,249564	-0,091706	0,006354
42,259564	-0,12357	0,008906
42,269564	-0,156708	0,008906
42,279564	-0,183473	0,002526
42,289564	-0,203866	0,006354
42,299564	-0,238279	0,00763
42,309564	-0,257397	0,003802
42,319564	-0,281613	0,002526
42,329564	-0,302006	0,002526
42,359273	-0,367008	0,006354
42,369273	-0,392499	0,003802
42,379273	-0,405244	0,00763
42,389273	-0,423088	0,006354
42,399273	-0,449853	0,006354
42,409273	-0,477893	0,002526
42,419273	-0,493188	0,010181
42,429273	-0,51613	0,008906
42,439273	-0,537797	0,008906
42,449273	-0,562013	0,00763
42,471433	-0,593877	0,006354
42,481433	-0,618093	0,002526
42,491433	-0,632113	0,002526
42,501433	-0,649957	0,006354
42,511433	-0,667801	0,002526
42,521433	-0,683095	0,005078
42,531433	-0,704763	0,006354
42,541433	-0,718783	0,005078
42,551433	-0,74045	0,006354
42,561433	-0,762117	0,006354
42,589349	-0,836041	0,006354
42,599349	-0,862806	0,00763
42,609349	-0,898494	0,002526
42,619349	-0,929083	0,002526
42,629349	-0,967319	0,002526
42,639349	-1,001732	0,006354
42,649349	-1,04889	0,008906
42,659349	-1,099872	0,008906
42,669349	-1,143206	0,002526
42,679349	-1,182717	0,008906
42,704935	-1,285955	0,006354
42,714935	-1,310172	0,006354
42,724935	-1,347134	0,010181
42,734935	-1,354781	0,006354
42,744935	-1,350957	0,006354
42,754935	-1,359879	0,006354
42,764935	-1,359879	0,008906
42,774935	-1,361154	0,006354
42,784935	-1,363703	0,008906
42,794935	-1,366252	0,002526
42,811156	-1,364977	0,008906
42,821156	-1,363703	0,008906
42,831156	-1,366252	0,008906
42,841156	-1,370075	0,006354
42,851156	-1,362428	0,008906
42,861156	-1,370075	0,006354
42,871156	-1,366252	0,006354
42,881156	-1,366252	0,00763
42,891156	-1,366252	0,005078
42,901156	-1,364977	0,006354
42,930169	-1,366252	0,006354
42,940169	-1,366252	0,008906
42,950169	-1,366252	0,002526
42,960169	-1,362428	0,00763
42,970169	-1,366252	0,006354
42,980169	-1,368801	0,003802
42,990169	-1,364977	0,010181
43,000169	-1,370075	0,003802
43,010169	-1,366252	0,006354
43,020169	-1,367526	0,005078
43,05026	-1,368801	0,002526
43,06026	-1,370075	0,002526
43,07026	-1,366252	0,006354
43,08026	-1,366252	0,005078
43,09026	-1,366252	0,006354
43,10026	-1,363703	0,008906
43,11026	-1,37135	0,006354
43,12026	-1,366252	0,006354
43,13026	-1,366252	0,006354
43,14026	-1,363703	0,008906
43,168788	-1,363703	0,008906
43,178788	-1,366252	0,008906
43,188788	-1,366252	0,010181
43,198788	-1,367526	0,005078
43,208788	-1,368801	0,006354
43,218788	-1,366252	0,002526
43,228788	-1,368801	0,002526
43,238788	-1,363703	0,008906
43,248788	-1,37135	0,002526
43,258788	-1,364977	0,006354
